[{"model": "auth.permission", "pk": 1, "fields": {"name": "Can add log entry", "content_type": 1, "codename": "add_logentry"}}, {"model": "auth.permission", "pk": 2, "fields": {"name": "Can change log entry", "content_type": 1, "codename": "change_logentry"}}, {"model": "auth.permission", "pk": 3, "fields": {"name": "Can delete log entry", "content_type": 1, "codename": "delete_logentry"}}, {"model": "auth.permission", "pk": 4, "fields": {"name": "Can view log entry", "content_type": 1, "codename": "view_logentry"}}, {"model": "auth.permission", "pk": 5, "fields": {"name": "Can add permission", "content_type": 2, "codename": "add_permission"}}, {"model": "auth.permission", "pk": 6, "fields": {"name": "Can change permission", "content_type": 2, "codename": "change_permission"}}, {"model": "auth.permission", "pk": 7, "fields": {"name": "Can delete permission", "content_type": 2, "codename": "delete_permission"}}, {"model": "auth.permission", "pk": 8, "fields": {"name": "Can view permission", "content_type": 2, "codename": "view_permission"}}, {"model": "auth.permission", "pk": 9, "fields": {"name": "Can add group", "content_type": 3, "codename": "add_group"}}, {"model": "auth.permission", "pk": 10, "fields": {"name": "Can change group", "content_type": 3, "codename": "change_group"}}, {"model": "auth.permission", "pk": 11, "fields": {"name": "Can delete group", "content_type": 3, "codename": "delete_group"}}, {"model": "auth.permission", "pk": 12, "fields": {"name": "Can view group", "content_type": 3, "codename": "view_group"}}, {"model": "auth.permission", "pk": 13, "fields": {"name": "Can add user", "content_type": 4, "codename": "add_user"}}, {"model": "auth.permission", "pk": 14, "fields": {"name": "Can change user", "content_type": 4, "codename": "change_user"}}, {"model": "auth.permission", "pk": 15, "fields": {"name": "Can delete user", "content_type": 4, "codename": "delete_user"}}, {"model": "auth.permission", "pk": 16, "fields": {"name": "Can view user", "content_type": 4, "codename": "view_user"}}, {"model": "auth.permission", "pk": 17, "fields": {"name": "Can add content type", "content_type": 5, "codename": "add_contenttype"}}, {"model": "auth.permission", "pk": 18, "fields": {"name": "Can change content type", "content_type": 5, "codename": "change_contenttype"}}, {"model": "auth.permission", "pk": 19, "fields": {"name": "Can delete content type", "content_type": 5, "codename": "delete_contenttype"}}, {"model": "auth.permission", "pk": 20, "fields": {"name": "Can view content type", "content_type": 5, "codename": "view_contenttype"}}, {"model": "auth.permission", "pk": 21, "fields": {"name": "Can add session", "content_type": 6, "codename": "add_session"}}, {"model": "auth.permission", "pk": 22, "fields": {"name": "Can change session", "content_type": 6, "codename": "change_session"}}, {"model": "auth.permission", "pk": 23, "fields": {"name": "Can delete session", "content_type": 6, "codename": "delete_session"}}, {"model": "auth.permission", "pk": 24, "fields": {"name": "Can view session", "content_type": 6, "codename": "view_session"}}, {"model": "auth.permission", "pk": 25, "fields": {"name": "Can add degree", "content_type": 7, "codename": "add_degree"}}, {"model": "auth.permission", "pk": 26, "fields": {"name": "Can change degree", "content_type": 7, "codename": "change_degree"}}, {"model": "auth.permission", "pk": 27, "fields": {"name": "Can delete degree", "content_type": 7, "codename": "delete_degree"}}, {"model": "auth.permission", "pk": 28, "fields": {"name": "Can view degree", "content_type": 7, "codename": "view_degree"}}, {"model": "auth.permission", "pk": 29, "fields": {"name": "Can add grade", "content_type": 8, "codename": "add_grade"}}, {"model": "auth.permission", "pk": 30, "fields": {"name": "Can change grade", "content_type": 8, "codename": "change_grade"}}, {"model": "auth.permission", "pk": 31, "fields": {"name": "Can delete grade", "content_type": 8, "codename": "delete_grade"}}, {"model": "auth.permission", "pk": 32, "fields": {"name": "Can view grade", "content_type": 8, "codename": "view_grade"}}, {"model": "auth.permission", "pk": 33, "fields": {"name": "Can add image", "content_type": 9, "codename": "add_image"}}, {"model": "auth.permission", "pk": 34, "fields": {"name": "Can change image", "content_type": 9, "codename": "change_image"}}, {"model": "auth.permission", "pk": 35, "fields": {"name": "Can delete image", "content_type": 9, "codename": "delete_image"}}, {"model": "auth.permission", "pk": 36, "fields": {"name": "Can view image", "content_type": 9, "codename": "view_image"}}, {"model": "auth.permission", "pk": 37, "fields": {"name": "Can add program", "content_type": 10, "codename": "add_program"}}, {"model": "auth.permission", "pk": 38, "fields": {"name": "Can change program", "content_type": 10, "codename": "change_program"}}, {"model": "auth.permission", "pk": 39, "fields": {"name": "Can delete program", "content_type": 10, "codename": "delete_program"}}, {"model": "auth.permission", "pk": 40, "fields": {"name": "Can view program", "content_type": 10, "codename": "view_program"}}, {"model": "auth.permission", "pk": 41, "fields": {"name": "Can add school", "content_type": 11, "codename": "add_school"}}, {"model": "auth.permission", "pk": 42, "fields": {"name": "Can change school", "content_type": 11, "codename": "change_school"}}, {"model": "auth.permission", "pk": 43, "fields": {"name": "Can delete school", "content_type": 11, "codename": "delete_school"}}, {"model": "auth.permission", "pk": 44, "fields": {"name": "Can view school", "content_type": 11, "codename": "view_school"}}, {"model": "auth.permission", "pk": 45, "fields": {"name": "Can add department", "content_type": 12, "codename": "add_department"}}, {"model": "auth.permission", "pk": 46, "fields": {"name": "Can change department", "content_type": 12, "codename": "change_department"}}, {"model": "auth.permission", "pk": 47, "fields": {"name": "Can delete department", "content_type": 12, "codename": "delete_department"}}, {"model": "auth.permission", "pk": 48, "fields": {"name": "Can view department", "content_type": 12, "codename": "view_department"}}, {"model": "auth.permission", "pk": 49, "fields": {"name": "Can add favorite", "content_type": 13, "codename": "add_favorite"}}, {"model": "auth.permission", "pk": 50, "fields": {"name": "Can change favorite", "content_type": 13, "codename": "change_favorite"}}, {"model": "auth.permission", "pk": 51, "fields": {"name": "Can delete favorite", "content_type": 13, "codename": "delete_favorite"}}, {"model": "auth.permission", "pk": 52, "fields": {"name": "Can view favorite", "content_type": 13, "codename": "view_favorite"}}, {"model": "auth.permission", "pk": 53, "fields": {"name": "Can add Token", "content_type": 14, "codename": "add_token"}}, {"model": "auth.permission", "pk": 54, "fields": {"name": "Can change Token", "content_type": 14, "codename": "change_token"}}, {"model": "auth.permission", "pk": 55, "fields": {"name": "Can delete Token", "content_type": 14, "codename": "delete_token"}}, {"model": "auth.permission", "pk": 56, "fields": {"name": "Can view Token", "content_type": 14, "codename": "view_token"}}, {"model": "auth.permission", "pk": 57, "fields": {"name": "Can add token", "content_type": 15, "codename": "add_tokenproxy"}}, {"model": "auth.permission", "pk": 58, "fields": {"name": "Can change token", "content_type": 15, "codename": "change_tokenproxy"}}, {"model": "auth.permission", "pk": 59, "fields": {"name": "Can delete token", "content_type": 15, "codename": "delete_tokenproxy"}}, {"model": "auth.permission", "pk": 60, "fields": {"name": "Can view token", "content_type": 15, "codename": "view_tokenproxy"}}, {"model": "auth.permission", "pk": 61, "fields": {"name": "Can add course", "content_type": 16, "codename": "add_course"}}, {"model": "auth.permission", "pk": 62, "fields": {"name": "Can change course", "content_type": 16, "codename": "change_course"}}, {"model": "auth.permission", "pk": 63, "fields": {"name": "Can delete course", "content_type": 16, "codename": "delete_course"}}, {"model": "auth.permission", "pk": 64, "fields": {"name": "Can view course", "content_type": 16, "codename": "view_course"}}, {"model": "auth.user", "pk": 1, "fields": {"password": "John1234@", "last_login": null, "is_superuser": false, "username": "JohnDoe1", "first_name": "John", "last_name": "Doe", "email": "johndoe@gmail.com", "is_staff": false, "is_active": true, "date_joined": "2023-10-04T12:17:42.530Z", "groups": [], "user_permissions": []}}, {"model": "contenttypes.contenttype", "pk": 1, "fields": {"app_label": "admin", "model": "logentry"}}, {"model": "contenttypes.contenttype", "pk": 2, "fields": {"app_label": "auth", "model": "permission"}}, {"model": "contenttypes.contenttype", "pk": 3, "fields": {"app_label": "auth", "model": "group"}}, {"model": "contenttypes.contenttype", "pk": 4, "fields": {"app_label": "auth", "model": "user"}}, {"model": "contenttypes.contenttype", "pk": 5, "fields": {"app_label": "contenttypes", "model": "contenttype"}}, {"model": "contenttypes.contenttype", "pk": 6, "fields": {"app_label": "sessions", "model": "session"}}, {"model": "contenttypes.contenttype", "pk": 7, "fields": {"app_label": "school", "model": "degree"}}, {"model": "contenttypes.contenttype", "pk": 8, "fields": {"app_label": "school", "model": "grade"}}, {"model": "contenttypes.contenttype", "pk": 9, "fields": {"app_label": "school", "model": "image"}}, {"model": "contenttypes.contenttype", "pk": 10, "fields": {"app_label": "school", "model": "program"}}, {"model": "contenttypes.contenttype", "pk": 11, "fields": {"app_label": "school", "model": "school"}}, {"model": "contenttypes.contenttype", "pk": 12, "fields": {"app_label": "school", "model": "department"}}, {"model": "contenttypes.contenttype", "pk": 13, "fields": {"app_label": "user", "model": "favorite"}}, {"model": "contenttypes.contenttype", "pk": 14, "fields": {"app_label": "authtoken", "model": "token"}}, {"model": "contenttypes.contenttype", "pk": 15, "fields": {"app_label": "authtoken", "model": "tokenproxy"}}, {"model": "contenttypes.contenttype", "pk": 16, "fields": {"app_label": "school", "model": "course"}}, {"model": "school.degree", "pk": 1, "fields": {"slug": "bachelor", "title": "BSc"}}, {"model": "school.degree", "pk": 2, "fields": {"slug": "master", "title": "MSc"}}, {"model": "school.degree", "pk": 3, "fields": {"slug": "master", "title": "MA"}}, {"model": "school.degree", "pk": 4, "fields": {"slug": "master", "title": "MEng"}}, {"model": "school.degree", "pk": 5, "fields": {"slug": "postgraduate", "title": "Diploma"}}, {"model": "school.degree", "pk": 6, "fields": {"slug": "postgraduate", "title": "Graduate Certificate"}}, {"model": "school.degree", "pk": 7, "fields": {"slug": "associate", "title": "A.A"}}, {"model": "school.degree", "pk": 8, "fields": {"slug": "associate", "title": "A.Sc"}}, {"model": "school.degree", "pk": 9, "fields": {"slug": "associate", "title": "AASc"}}, {"model": "school.degree", "pk": 10, "fields": {"slug": "secondary", "title": "WAEC"}}, {"model": "school.degree", "pk": 11, "fields": {"slug": "secondary", "title": "GSCE"}}, {"model": "school.grade", "pk": 1, "fields": {"slug": "1st_class", "grade": "1st Class"}}, {"model": "school.grade", "pk": 2, "fields": {"slug": "2nd_class", "grade": "2.1"}}, {"model": "school.grade", "pk": 3, "fields": {"slug": "2nd_class", "grade": "2.2"}}, {"model": "school.grade", "pk": 4, "fields": {"slug": "3rd_class", "grade": "3rd Class"}}, {"model": "school.grade", "pk": 5, "fields": {"slug": "pass", "grade": "pass"}}, {"model": "school.grade", "pk": 6, "fields": {"slug": "secondary", "grade": "WAEC"}}, {"model": "school.grade", "pk": 7, "fields": {"slug": "secondary", "grade": "GCE"}}, {"model": "school.grade", "pk": 8, "fields": {"slug": "secondary", "grade": "GSCE"}}, {"model": "school.program", "pk": 1, "fields": {"name": "Engineering", "program_detail": "Engineering is a multifaceted field that applies scientific principles to design, create, and maintain a wide range of systems and structures. Engineers use their expertise to develop solutions to complex problems in various industries, including civil engineering (infrastructure and construction), electrical engineering (electronics and power systems), mechanical engineering (machinery and devices), and more. Engineering programs typically cover core subjects such as mathematics, physics, materials science, and computer-aided design. Graduates of engineering programs play a critical role in advancing technology, improving infrastructure, and addressing global challenges."}}, {"model": "school.program", "pk": 2, "fields": {"name": "Computer Science", "program_detail": "Computer science is the study of computation, algorithms, data structures, and software development. It encompasses a broad spectrum of topics, including computer programming, artificial intelligence, database management, and cybersecurity. Computer scientists design and implement software applications, develop innovative technologies, and solve complex computational problems. The field is essential in today's digital age, driving technological advancements in areas like machine learning, cloud computing, and mobile app development."}}, {"model": "school.program", "pk": 3, "fields": {"name": "Business Administration", "program_detail": "Business administration programs equip students with a comprehensive understanding of organizational management and business operations. Students explore a diverse range of subjects, including finance, marketing, human resources, entrepreneurship, and strategic planning. These programs foster leadership skills, critical thinking, and decision-making abilities. Graduates are well-prepared for careers in various sectors, such as corporate management, finance, consulting, and entrepreneurship, where they can drive innovation and lead organizations to success."}}, {"model": "school.program", "pk": 4, "fields": {"name": "Health Sciences", "program_detail": "Health sciences encompass a wide array of disciplines related to healthcare and well-being. Programs in this field include medicine, nursing, pharmacy, public health, and allied health professions. Students gain in-depth knowledge of anatomy, physiology, medical ethics, and patient care. Health science graduates are at the forefront of improving public health, diagnosing and treating diseases, conducting medical research, and promoting wellness in communities."}}, {"model": "school.program", "pk": 5, "fields": {"name": "Education", "program_detail": "Education programs focus on preparing future educators, administrators, and counselors for roles in educational institutions. Students study pedagogical methods, curriculum development, classroom management, and educational psychology. Education graduates are equipped to teach in K-12 schools, colleges, and universities. They also play crucial roles in shaping education policy, designing effective curricula, and supporting students' academic and personal development"}}, {"model": "school.program", "pk": 6, "fields": {"name": "Social Sciences", "program_detail": "Social sciences explore human behavior, societies, cultures, and social structures. Disciplines within this field include psychology, sociology, anthropology, political science, economics, and more. Students delve into theories and research methods to understand human interactions, societal norms, and global issues. Social science graduates pursue careers in diverse areas, such as social work, counseling, research, policymaking, and advocacy, contributing to positive social change."}}, {"model": "school.program", "pk": 7, "fields": {"name": "Natural Sciences", "program_detail": "Natural sciences encompass the study of the physical and natural world, including biology, chemistry, physics, and astronomy. Students engage in rigorous scientific inquiry, conducting experiments and exploring fundamental principles. Graduates of natural sciences programs work in research laboratories, healthcare, environmental conservation, and academia. They contribute to advancements in medicine, technology, environmental sustainability, and our understanding of the universe."}}, {"model": "school.program", "pk": 8, "fields": {"name": "Arts and Humanities", "program_detail": "Arts and humanities programs emphasize human creativity, culture, and intellectual inquiry. Students explore literature, history, philosophy, fine arts, languages, and cultural studies. These programs encourage critical thinking, creativity, and an appreciation for diverse cultures and ideas. Graduates pursue careers in writing, arts, cultural preservation, education, research, and cultural institutions, enriching society through their contributions to the arts and human expression"}}, {"model": "school.program", "pk": 9, "fields": {"name": "Communication and Media Studies", "program_detail": "Communication and media studies programs examine the theory and practice of communication in a rapidly changing media landscape. Students study journalism, public relations, media production, advertising, and digital communication. Graduates enter fields such as journalism, marketing, public relations, advertising, and media production. They shape public discourse, create compelling content, and navigate the evolving media landscape"}}, {"model": "school.program", "pk": 10, "fields": {"name": "Environmental Science", "program_detail": "Environmental science programs focus on understanding and addressing critical environmental challenges. Students explore ecology, conservation, climate change, environmental policies, and sustainable practices. Graduates work in roles related to environmental research, conservation, advocacy, policy analysis, and sustainable resource management. They play a vital role in safeguarding the planet's ecosystems and promoting environmental sustainability."}}, {"model": "school.program", "pk": 11, "fields": {"name": "Law", "program_detail": "Law programs are designed to educate future legal professionals, including lawyers, judges, and legal scholars. Students in law programs study a wide range of legal subjects, including civil law, criminal law, constitutional law, and international law. Graduates of law programs enter diverse legal careers, advocating for justice, representing clients, interpreting and shaping laws, and upholding the principles of the legal system."}}, {"model": "school.program", "pk": 12, "fields": {"name": "Economics", "program_detail": "Economics programs delve into the study of how societies allocate resources, make decisions, and address economic challenges. Students analyze economic theories, market dynamics, public policy, and global economic trends. Graduates of economics programs work in various roles, including economic analysis, financial management, policy advising, and research, contributing to informed decision-making in both the public and private sectors"}}, {"model": "school.program", "pk": 13, "fields": {"name": "Psychology", "program_detail": "Psychology programs explore the human mind and behavior, covering areas such as clinical psychology, cognitive psychology, and behavioral psychology. Students learn about psychological theories, research methods, and therapeutic interventions. Psychology graduates work as clinical psychologists, counselors, researchers, and mental health advocates, helping individuals and communities better understand and address mental health issues."}}, {"model": "school.program", "pk": 14, "fields": {"name": "Fine Art", "program_detail": "Fine arts programs encompass a wide range of artistic disciplines, including visual arts, performing arts, and creative writing. Students develop their artistic skills, creative expression, and critical thinking. Graduates of fine arts programs become visual artists, musicians, actors, writers, designers, and performers, contributing to cultural enrichment, entertainment, and artistic innovation"}}, {"model": "school.program", "pk": 15, "fields": {"name": "Biology", "program_detail": "Biology programs focus on the study of living organisms, from microorganisms to complex ecosystems. Students explore cellular biology, genetics, ecology, and evolutionary biology. Graduates of biology programs pursue careers in fields such as biological research, healthcare, conservation, pharmaceuticals, and education. They contribute to advancements in medicine, environmental conservation, and our understanding of life on Earth."}}, {"model": "school.program", "pk": 16, "fields": {"name": "Agricultural Science", "program_detail": "Agricultural Science is an interdisciplinary field of study that focuses on the science and practice of agriculture and food production. It encompasses a wide range of subjects related to farming, crop cultivation, animal husbandry, agribusiness, and sustainable agriculture. Agricultural scientists play a crucial role in addressing the global challenges of feeding a growing population while ensuring environmental sustainability."}}, {"model": "school.course", "pk": 1, "fields": {"name": "Mechanical Engineering", "program": 1}}, {"model": "school.course", "pk": 2, "fields": {"name": "Civil Engineering", "program": 1}}, {"model": "school.course", "pk": 3, "fields": {"name": "Electrical Engineering", "program": 1}}, {"model": "school.course", "pk": 4, "fields": {"name": "Chemical Engineering", "program": 1}}, {"model": "school.course", "pk": 5, "fields": {"name": "Aerospace Engineering", "program": 1}}, {"model": "school.course", "pk": 6, "fields": {"name": "Biomedical Engineering", "program": 1}}, {"model": "school.course", "pk": 7, "fields": {"name": "Computer Engineering", "program": 1}}, {"model": "school.course", "pk": 8, "fields": {"name": "Environmental Engineering", "program": 1}}, {"model": "school.course", "pk": 9, "fields": {"name": "Industrial Engineering", "program": 1}}, {"model": "school.course", "pk": 10, "fields": {"name": "Materials Engineering", "program": 1}}, {"model": "school.course", "pk": 11, "fields": {"name": "Nuclear Engineering", "program": 1}}, {"model": "school.course", "pk": 12, "fields": {"name": "Petroleum Engineering", "program": 1}}, {"model": "school.course", "pk": 13, "fields": {"name": "Software Engineering", "program": 1}}, {"model": "school.course", "pk": 14, "fields": {"name": "Systems Engineering", "program": 1}}, {"model": "school.course", "pk": 15, "fields": {"name": "Automotive Engineering", "program": 1}}, {"model": "school.course", "pk": 16, "fields": {"name": "Robotics Engineering", "program": 1}}, {"model": "school.course", "pk": 17, "fields": {"name": "Biomechanical Engineering", "program": 1}}, {"model": "school.course", "pk": 18, "fields": {"name": "Marine Engineering", "program": 1}}, {"model": "school.course", "pk": 19, "fields": {"name": "Geotechnical Engineering", "program": 1}}, {"model": "school.course", "pk": 20, "fields": {"name": "Structural Engineering", "program": 1}}, {"model": "school.course", "pk": 21, "fields": {"name": "Artificial Intelligence (AI)", "program": 2}}, {"model": "school.course", "pk": 22, "fields": {"name": "Machine Learning", "program": 2}}, {"model": "school.course", "pk": 23, "fields": {"name": "Data Science", "program": 2}}, {"model": "school.course", "pk": 24, "fields": {"name": "Computer Graphics", "program": 2}}, {"model": "school.course", "pk": 25, "fields": {"name": "Cybersecurity", "program": 2}}, {"model": "school.course", "pk": 26, "fields": {"name": "Computer Vision", "program": 2}}, {"model": "school.course", "pk": 27, "fields": {"name": "Human-Computer Interaction (HCI)", "program": 2}}, {"model": "school.course", "pk": 28, "fields": {"name": "Distributed Systems", "program": 2}}, {"model": "school.course", "pk": 29, "fields": {"name": "Information System Technology", "program": 2}}, {"model": "school.course", "pk": 30, "fields": {"name": "Computer and Electronics Engineering", "program": 1}}, {"model": "school.course", "pk": 31, "fields": {"name": "Business Analytics", "program": 3}}, {"model": "school.course", "pk": 32, "fields": {"name": "Master of Business Administration (MBA)", "program": 3}}, {"model": "school.course", "pk": 33, "fields": {"name": "Executive MBA (EMBA)", "program": 3}}, {"model": "school.course", "pk": 34, "fields": {"name": "Commerce", "program": 3}}, {"model": "school.course", "pk": 35, "fields": {"name": "Finance", "program": 3}}, {"model": "school.course", "pk": 36, "fields": {"name": "Business Administration and Analytics", "program": 3}}, {"model": "school.course", "pk": 37, "fields": {"name": "Management", "program": 3}}, {"model": "school.course", "pk": 38, "fields": {"name": "Business Administration (BBA)", "program": 3}}, {"model": "school.course", "pk": 39, "fields": {"name": "Accounting", "program": 3}}, {"model": "school.course", "pk": 40, "fields": {"name": "Marketing", "program": 3}}, {"model": "school.course", "pk": 41, "fields": {"name": "Hospitality Management", "program": 3}}, {"model": "school.course", "pk": 42, "fields": {"name": "Human Resources Management", "program": 3}}, {"model": "school.course", "pk": 43, "fields": {"name": "International Business Management", "program": 3}}, {"model": "school.course", "pk": 44, "fields": {"name": "Supply Chain Management", "program": 3}}, {"model": "school.course", "pk": 45, "fields": {"name": "Retail Management", "program": 3}}, {"model": "school.course", "pk": 46, "fields": {"name": "Entrepreneurship", "program": 3}}, {"model": "school.course", "pk": 47, "fields": {"name": "Economics and Entrepreneurship", "program": 3}}, {"model": "school.course", "pk": 48, "fields": {"name": "Public Administration", "program": 3}}, {"model": "school.course", "pk": 49, "fields": {"name": "Business Information Systems", "program": 3}}, {"model": "school.course", "pk": 50, "fields": {"name": "Project Management", "program": 3}}, {"model": "school.course", "pk": 51, "fields": {"name": "Product and Project Management", "program": 3}}, {"model": "school.course", "pk": 52, "fields": {"name": "Nursing (BSN)", "program": 4}}, {"model": "school.course", "pk": 53, "fields": {"name": "Adult Nursing", "program": 4}}, {"model": "school.course", "pk": 54, "fields": {"name": "Children Nursing", "program": 4}}, {"model": "school.course", "pk": 55, "fields": {"name": "Medicine (MD)", "program": 4}}, {"model": "school.course", "pk": 56, "fields": {"name": "Medicine and Surgery", "program": 4}}, {"model": "school.course", "pk": 57, "fields": {"name": "Public Health (BPH)", "program": 4}}, {"model": "school.course", "pk": 58, "fields": {"name": "Doctor of Pharmacy (PharmD)", "program": 4}}, {"model": "school.course", "pk": 59, "fields": {"name": "Health Administration (BHA)", "program": 4}}, {"model": "school.course", "pk": 60, "fields": {"name": "Doctor of Dental Medicine (DMD)", "program": 4}}, {"model": "school.course", "pk": 61, "fields": {"name": "Bachelor of Social Work (BSW)", "program": 4}}, {"model": "school.course", "pk": 62, "fields": {"name": "Master of Social Work (MSW)", "program": 4}}, {"model": "school.course", "pk": 63, "fields": {"name": "Radiologic Sciences", "program": 4}}, {"model": "school.course", "pk": 64, "fields": {"name": "Doctor of Physical Therapy (DPT)", "program": 4}}, {"model": "school.course", "pk": 65, "fields": {"name": "Occupational Therapy", "program": 4}}, {"model": "school.course", "pk": 66, "fields": {"name": "Master of Public Health (MPH)", "program": 4}}, {"model": "school.course", "pk": 67, "fields": {"name": "Health Informatics", "program": 4}}, {"model": "school.course", "pk": 68, "fields": {"name": "Veterinary Medicine", "program": 4}}, {"model": "school.course", "pk": 69, "fields": {"name": "Speech-Language Pathology", "program": 4}}, {"model": "school.course", "pk": 70, "fields": {"name": "Master of Genetic Counseling (MGC)", "program": 4}}, {"model": "school.course", "pk": 71, "fields": {"name": "Nutrition and Dietetics", "program": 4}}, {"model": "school.course", "pk": 72, "fields": {"name": "Doctor of Nursing Practice (DNP)", "program": 4}}, {"model": "school.course", "pk": 73, "fields": {"name": "Bachelor of Health Promotion (BHP)", "program": 4}}, {"model": "school.course", "pk": 74, "fields": {"name": "Master of Health Administration (MHA)", "program": 4}}, {"model": "school.course", "pk": 75, "fields": {"name": "Sport and Nutrition", "program": 4}}, {"model": "school.course", "pk": 76, "fields": {"name": "Bachelor of Exercise Science (BES)", "program": 4}}, {"model": "school.course", "pk": 77, "fields": {"name": "Bachelor of Education (B.Ed.)", "program": 5}}, {"model": "school.course", "pk": 78, "fields": {"name": "Master of Education (M.Ed.)", "program": 5}}, {"model": "school.course", "pk": 79, "fields": {"name": "Doctor of Education (Ed.D.)", "program": 5}}, {"model": "school.course", "pk": 80, "fields": {"name": "Early Childhood Education (ECE)", "program": 5}}, {"model": "school.course", "pk": 81, "fields": {"name": "Master of Arts in Teaching (MAT)", "program": 5}}, {"model": "school.course", "pk": 82, "fields": {"name": "Educational Leadership and Administration", "program": 5}}, {"model": "school.course", "pk": 83, "fields": {"name": "Special Education", "program": 5}}, {"model": "school.course", "pk": 84, "fields": {"name": "Counseling Psychology", "program": 5}}, {"model": "school.course", "pk": 85, "fields": {"name": "Educational Technology", "program": 5}}, {"model": "school.course", "pk": 86, "fields": {"name": "Higher Education Administration", "program": 5}}, {"model": "school.course", "pk": 87, "fields": {"name": "Language Education", "program": 5}}, {"model": "school.course", "pk": 88, "fields": {"name": "Adult Education", "program": 5}}, {"model": "school.course", "pk": 89, "fields": {"name": "Curriculum and Instruction", "program": 5}}, {"model": "school.course", "pk": 90, "fields": {"name": "Early Childhood Special Education", "program": 5}}, {"model": "school.course", "pk": 91, "fields": {"name": "Educational Psychology", "program": 5}}, {"model": "school.course", "pk": 92, "fields": {"name": "Literacy Education", "program": 5}}, {"model": "school.course", "pk": 93, "fields": {"name": "Physical Education", "program": 5}}, {"model": "school.course", "pk": 94, "fields": {"name": "Educational Assessment and Evaluation", "program": 5}}, {"model": "school.course", "pk": 95, "fields": {"name": "Educational Research", "program": 5}}, {"model": "school.course", "pk": 96, "fields": {"name": "Art Education", "program": 5}}, {"model": "school.course", "pk": 97, "fields": {"name": "Psychology", "program": 6}}, {"model": "school.course", "pk": 98, "fields": {"name": "Sociology", "program": 6}}, {"model": "school.course", "pk": 99, "fields": {"name": "Anthropology", "program": 6}}, {"model": "school.course", "pk": 100, "fields": {"name": "Public Policy", "program": 6}}, {"model": "school.course", "pk": 101, "fields": {"name": "Criminology", "program": 6}}, {"model": "school.course", "pk": 102, "fields": {"name": "International Relations", "program": 6}}, {"model": "school.course", "pk": 103, "fields": {"name": "Political Science", "program": 6}}, {"model": "school.course", "pk": 104, "fields": {"name": "International Affairs", "program": 6}}, {"model": "school.course", "pk": 105, "fields": {"name": "Geography", "program": 6}}, {"model": "school.course", "pk": 106, "fields": {"name": "Social Sciences", "program": 6}}, {"model": "school.course", "pk": 107, "fields": {"name": "Gerontology", "program": 6}}, {"model": "school.course", "pk": 108, "fields": {"name": "Urban and Regional Planning (B.U.R.P.)", "program": 6}}, {"model": "school.course", "pk": 109, "fields": {"name": "Chemistry", "program": 7}}, {"model": "school.course", "pk": 110, "fields": {"name": "Physics", "program": 7}}, {"model": "school.course", "pk": 111, "fields": {"name": "Astronomy", "program": 7}}, {"model": "school.course", "pk": 112, "fields": {"name": "Mathematics", "program": 7}}, {"model": "school.course", "pk": 113, "fields": {"name": "Further Mathematics", "program": 7}}, {"model": "school.course", "pk": 114, "fields": {"name": "Materials Science", "program": 7}}, {"model": "school.course", "pk": 115, "fields": {"name": "Atmospheric Science", "program": 7}}, {"model": "school.course", "pk": 116, "fields": {"name": "Nanotechnology", "program": 7}}, {"model": "school.course", "pk": 117, "fields": {"name": "Oceanography", "program": 7}}, {"model": "school.course", "pk": 118, "fields": {"name": "Applied Physics", "program": 7}}, {"model": "school.course", "pk": 119, "fields": {"name": "Genetics", "program": 15}}, {"model": "school.course", "pk": 120, "fields": {"name": "Microbiology", "program": 15}}, {"model": "school.course", "pk": 121, "fields": {"name": "Ecology", "program": 15}}, {"model": "school.course", "pk": 122, "fields": {"name": "Molecular Biology", "program": 15}}, {"model": "school.course", "pk": 123, "fields": {"name": "Cell Biology", "program": 15}}, {"model": "school.course", "pk": 124, "fields": {"name": "Evolutionary Biology", "program": 15}}, {"model": "school.course", "pk": 125, "fields": {"name": "Neurobiology", "program": 15}}, {"model": "school.course", "pk": 126, "fields": {"name": "Marine Biology", "program": 15}}, {"model": "school.course", "pk": 127, "fields": {"name": "Botany", "program": 15}}, {"model": "school.course", "pk": 128, "fields": {"name": "Zoology", "program": 15}}, {"model": "school.course", "pk": 129, "fields": {"name": "Immunology", "program": 15}}, {"model": "school.course", "pk": 130, "fields": {"name": "Biochemistry", "program": 15}}, {"model": "school.course", "pk": 131, "fields": {"name": "Biotechnology", "program": 15}}, {"model": "school.course", "pk": 132, "fields": {"name": "Environmental Biology", "program": 15}}, {"model": "school.course", "pk": 133, "fields": {"name": "Biomedical Science", "program": 15}}, {"model": "school.course", "pk": 134, "fields": {"name": "Developmental Biology", "program": 15}}, {"model": "school.course", "pk": 135, "fields": {"name": "Genomic Sciences", "program": 15}}, {"model": "school.course", "pk": 136, "fields": {"name": "Entomology", "program": 15}}, {"model": "school.course", "pk": 137, "fields": {"name": "Pharmacology", "program": 15}}, {"model": "school.course", "pk": 138, "fields": {"name": "Biostatistics", "program": 15}}, {"model": "school.course", "pk": 139, "fields": {"name": "Statistics", "program": 6}}, {"model": "school.course", "pk": 140, "fields": {"name": "Environmental Science", "program": 10}}, {"model": "school.course", "pk": 141, "fields": {"name": "Environmental Management", "program": 10}}, {"model": "school.course", "pk": 142, "fields": {"name": "Environmental Studies", "program": 10}}, {"model": "school.course", "pk": 143, "fields": {"name": "Natural Resource Management", "program": 10}}, {"model": "school.course", "pk": 144, "fields": {"name": "Climate Science", "program": 10}}, {"model": "school.course", "pk": 145, "fields": {"name": "Sustainability Studies", "program": 10}}, {"model": "school.course", "pk": 146, "fields": {"name": "Ecological Restoration", "program": 10}}, {"model": "school.course", "pk": 147, "fields": {"name": "Environmental Policy and Planning", "program": 10}}, {"model": "school.course", "pk": 148, "fields": {"name": "Conservation Biology", "program": 15}}, {"model": "school.course", "pk": 149, "fields": {"name": "Geospatial Science and Technology", "program": 10}}, {"model": "school.course", "pk": 150, "fields": {"name": "Environmental Health", "program": 10}}, {"model": "school.course", "pk": 151, "fields": {"name": "Marine and Coastal Science", "program": 10}}, {"model": "school.course", "pk": 152, "fields": {"name": "Energy and Environmental Technology", "program": 10}}, {"model": "school.course", "pk": 153, "fields": {"name": "Waste Management and Recycling:", "program": 10}}, {"model": "school.course", "pk": 154, "fields": {"name": "Environmental Economics", "program": 10}}, {"model": "school.course", "pk": 155, "fields": {"name": "Water Resources Management", "program": 10}}, {"model": "school.course", "pk": 156, "fields": {"name": "Environmental Geology", "program": 10}}, {"model": "school.course", "pk": 157, "fields": {"name": "Urban and Regional Planning", "program": 10}}, {"model": "school.course", "pk": 158, "fields": {"name": "Environmental Education", "program": 10}}, {"model": "school.course", "pk": 159, "fields": {"name": "English Literature", "program": 8}}, {"model": "school.course", "pk": 160, "fields": {"name": "History", "program": 8}}, {"model": "school.course", "pk": 161, "fields": {"name": "Philosophy", "program": 8}}, {"model": "school.course", "pk": 162, "fields": {"name": "Art History", "program": 8}}, {"model": "school.course", "pk": 163, "fields": {"name": "Musicology", "program": 8}}, {"model": "school.course", "pk": 164, "fields": {"name": "Linguistics", "program": 8}}, {"model": "school.course", "pk": 165, "fields": {"name": "Theatre Arts", "program": 8}}, {"model": "school.course", "pk": 166, "fields": {"name": "Religious Studies", "program": 8}}, {"model": "school.course", "pk": 167, "fields": {"name": "Cultural Studies", "program": 8}}, {"model": "school.course", "pk": 168, "fields": {"name": "Comparative Literature", "program": 8}}, {"model": "school.course", "pk": 169, "fields": {"name": "Classics", "program": 8}}, {"model": "school.course", "pk": 170, "fields": {"name": "Gender Studies", "program": 8}}, {"model": "school.course", "pk": 171, "fields": {"name": "Ethics", "program": 8}}, {"model": "school.course", "pk": 172, "fields": {"name": "Archaeology", "program": 8}}, {"model": "school.course", "pk": 173, "fields": {"name": "African-American Studies", "program": 8}}, {"model": "school.course", "pk": 174, "fields": {"name": "Asian Studies", "program": 8}}, {"model": "school.course", "pk": 175, "fields": {"name": "Creative Writing and Literary Theory", "program": 8}}, {"model": "school.course", "pk": 176, "fields": {"name": "Folklore and Mythology", "program": 8}}, {"model": "school.course", "pk": 177, "fields": {"name": "Mass Communication", "program": 9}}, {"model": "school.course", "pk": 178, "fields": {"name": "Media Studies", "program": 9}}, {"model": "school.course", "pk": 179, "fields": {"name": "Journalism", "program": 9}}, {"model": "school.course", "pk": 180, "fields": {"name": "Public Relations", "program": 9}}, {"model": "school.course", "pk": 181, "fields": {"name": "Digital Media", "program": 9}}, {"model": "school.course", "pk": 182, "fields": {"name": "Advertising", "program": 9}}, {"model": "school.course", "pk": 183, "fields": {"name": "Film Studies", "program": 9}}, {"model": "school.course", "pk": 184, "fields": {"name": "Broadcasting", "program": 9}}, {"model": "school.course", "pk": 185, "fields": {"name": "Media Production", "program": 9}}, {"model": "school.course", "pk": 186, "fields": {"name": "Cinema and Television Arts", "program": 9}}, {"model": "school.course", "pk": 187, "fields": {"name": "Communication Studies", "program": 9}}, {"model": "school.course", "pk": 188, "fields": {"name": "Media and Cultural Studies", "program": 9}}, {"model": "school.course", "pk": 189, "fields": {"name": "Strategic Communication", "program": 9}}, {"model": "school.course", "pk": 190, "fields": {"name": "Digital Marketing", "program": 9}}, {"model": "school.course", "pk": 191, "fields": {"name": "Sports Communication", "program": 9}}, {"model": "school.course", "pk": 192, "fields": {"name": "International Communication", "program": 9}}, {"model": "school.course", "pk": 193, "fields": {"name": "Health Communication", "program": 9}}, {"model": "school.course", "pk": 194, "fields": {"name": "Corporate Communication", "program": 9}}, {"model": "school.course", "pk": 195, "fields": {"name": "Visual Communication", "program": 9}}, {"model": "school.course", "pk": 196, "fields": {"name": "Media Law and Ethics", "program": 9}}, {"model": "school.course", "pk": 197, "fields": {"name": "Juris Doctor (J.D.)", "program": 11}}, {"model": "school.course", "pk": 198, "fields": {"name": "Master of Laws (LL.M.)", "program": 11}}, {"model": "school.course", "pk": 199, "fields": {"name": "Criminal Law", "program": 11}}, {"model": "school.course", "pk": 200, "fields": {"name": "Civil Law", "program": 11}}, {"model": "school.course", "pk": 201, "fields": {"name": "Constitutional Law", "program": 11}}, {"model": "school.course", "pk": 202, "fields": {"name": "International Law", "program": 11}}, {"model": "school.course", "pk": 203, "fields": {"name": "Environmental Law", "program": 11}}, {"model": "school.course", "pk": 204, "fields": {"name": "Family Law", "program": 11}}, {"model": "school.course", "pk": 205, "fields": {"name": "Labor and Employment Law", "program": 11}}, {"model": "school.course", "pk": 206, "fields": {"name": "Intellectual Property Law", "program": 11}}, {"model": "school.course", "pk": 207, "fields": {"name": "Health Law", "program": 11}}, {"model": "school.course", "pk": 208, "fields": {"name": "Corporate Law", "program": 11}}, {"model": "school.course", "pk": 209, "fields": {"name": "Tax Law", "program": 11}}, {"model": "school.course", "pk": 210, "fields": {"name": "Human Rights Law", "program": 11}}, {"model": "school.course", "pk": 211, "fields": {"name": "Immigration Law", "program": 11}}, {"model": "school.course", "pk": 212, "fields": {"name": "Entertainment Law", "program": 11}}, {"model": "school.course", "pk": 213, "fields": {"name": "Banking and Finance Law", "program": 11}}, {"model": "school.course", "pk": 214, "fields": {"name": "Real Estate Law", "program": 11}}, {"model": "school.course", "pk": 215, "fields": {"name": "Economics", "program": 12}}, {"model": "school.course", "pk": 216, "fields": {"name": "Econometrics", "program": 12}}, {"model": "school.course", "pk": 217, "fields": {"name": "International Economics", "program": 12}}, {"model": "school.course", "pk": 218, "fields": {"name": "Development Economics", "program": 12}}, {"model": "school.course", "pk": 219, "fields": {"name": "Labor Economics", "program": 12}}, {"model": "school.course", "pk": 220, "fields": {"name": "Financial Economics", "program": 12}}, {"model": "school.course", "pk": 221, "fields": {"name": "Health Economics", "program": 12}}, {"model": "school.course", "pk": 222, "fields": {"name": "Urban and Regional Economics", "program": 12}}, {"model": "school.course", "pk": 223, "fields": {"name": "Public Economics", "program": 12}}, {"model": "school.course", "pk": 224, "fields": {"name": "Agricultural Economics", "program": 12}}, {"model": "school.course", "pk": 225, "fields": {"name": "Behavioral Economics", "program": 12}}, {"model": "school.course", "pk": 226, "fields": {"name": "Energy Economics", "program": 12}}, {"model": "school.course", "pk": 227, "fields": {"name": "Transportation Economics", "program": 12}}, {"model": "school.course", "pk": 228, "fields": {"name": "Industrial Organization", "program": 12}}, {"model": "school.course", "pk": 229, "fields": {"name": "Game Theory", "program": 12}}, {"model": "school.course", "pk": 230, "fields": {"name": "Public Policy Analysis", "program": 12}}, {"model": "school.course", "pk": 231, "fields": {"name": "Financial Risk Management", "program": 12}}, {"model": "school.course", "pk": 232, "fields": {"name": "Clinical Psychology", "program": 13}}, {"model": "school.course", "pk": 233, "fields": {"name": "School Psychology", "program": 13}}, {"model": "school.course", "pk": 234, "fields": {"name": "Industrial-Organizational Psychology", "program": 13}}, {"model": "school.course", "pk": 235, "fields": {"name": "Health Psychology", "program": 13}}, {"model": "school.course", "pk": 236, "fields": {"name": "Forensic Psychology", "program": 13}}, {"model": "school.course", "pk": 237, "fields": {"name": "Sports Psychology", "program": 13}}, {"model": "school.course", "pk": 238, "fields": {"name": "Developmental Psychology", "program": 13}}, {"model": "school.course", "pk": 239, "fields": {"name": "Social Psychology", "program": 13}}, {"model": "school.course", "pk": 240, "fields": {"name": "Experimental Psychology", "program": 13}}, {"model": "school.course", "pk": 241, "fields": {"name": "Neuropsychology", "program": 13}}, {"model": "school.course", "pk": 242, "fields": {"name": "Behavior Analysis", "program": 13}}, {"model": "school.course", "pk": 243, "fields": {"name": "Human and Positive Psychology", "program": 13}}, {"model": "school.course", "pk": 244, "fields": {"name": "Environmental Psychology", "program": 13}}, {"model": "school.course", "pk": 245, "fields": {"name": "Personality Psychology", "program": 13}}, {"model": "school.course", "pk": 246, "fields": {"name": "Community Psychology", "program": 13}}, {"model": "school.course", "pk": 247, "fields": {"name": "Hypnosis", "program": 13}}, {"model": "school.course", "pk": 248, "fields": {"name": "Bachelor of Fine Arts (BFA)", "program": 14}}, {"model": "school.course", "pk": 249, "fields": {"name": "Master of Fine Arts (MFA)", "program": 14}}, {"model": "school.course", "pk": 250, "fields": {"name": "Drawing and Painting", "program": 14}}, {"model": "school.course", "pk": 251, "fields": {"name": "Sculpture", "program": 14}}, {"model": "school.course", "pk": 252, "fields": {"name": "Printmaking", "program": 14}}, {"model": "school.course", "pk": 253, "fields": {"name": "Ceramics", "program": 14}}, {"model": "school.course", "pk": 254, "fields": {"name": "Photography", "program": 14}}, {"model": "school.course", "pk": 255, "fields": {"name": "Graphic Design", "program": 14}}, {"model": "school.course", "pk": 256, "fields": {"name": "Illustration", "program": 14}}, {"model": "school.course", "pk": 257, "fields": {"name": "Digital Arts", "program": 14}}, {"model": "school.course", "pk": 258, "fields": {"name": "Animation", "program": 14}}, {"model": "school.course", "pk": 259, "fields": {"name": "Video and Visual Art", "program": 14}}, {"model": "school.course", "pk": 260, "fields": {"name": "Performance Art", "program": 14}}, {"model": "school.course", "pk": 261, "fields": {"name": "Textile Arts", "program": 14}}, {"model": "school.course", "pk": 262, "fields": {"name": "Interdisciplinary Arts", "program": 14}}, {"model": "school.course", "pk": 263, "fields": {"name": "Public Art", "program": 14}}, {"model": "school.course", "pk": 264, "fields": {"name": "Environmental Art", "program": 14}}, {"model": "school.course", "pk": 265, "fields": {"name": "Agricultural Science", "program": 16}}, {"model": "school.course", "pk": 266, "fields": {"name": "Agricultural Business Management", "program": 3}}, {"model": "school.course", "pk": 267, "fields": {"name": "Crop Science", "program": 16}}, {"model": "school.course", "pk": 268, "fields": {"name": "Soil Science", "program": 16}}, {"model": "school.course", "pk": 269, "fields": {"name": "Animal Science", "program": 16}}, {"model": "school.course", "pk": 270, "fields": {"name": "Horticulture", "program": 16}}, {"model": "school.course", "pk": 271, "fields": {"name": "Agroforestry", "program": 16}}, {"model": "school.course", "pk": 272, "fields": {"name": "Aquaculture", "program": 16}}, {"model": "school.course", "pk": 273, "fields": {"name": "Food Science", "program": 16}}, {"model": "school.course", "pk": 274, "fields": {"name": "Plant Pathology", "program": 16}}, {"model": "school.course", "pk": 275, "fields": {"name": "Precision Agriculture", "program": 16}}, {"model": "school.course", "pk": 276, "fields": {"name": "Rural Development", "program": 16}}, {"model": "school.course", "pk": 277, "fields": {"name": "Agricultural Education", "program": 5}}, {"model": "school.course", "pk": 278, "fields": {"name": "Agronomy", "program": 16}}, {"model": "school.course", "pk": 279, "fields": {"name": "Livestock Management", "program": 16}}, {"model": "school.course", "pk": 280, "fields": {"name": "Agribusiness Management", "program": 3}}, {"model": "school.course", "pk": 281, "fields": {"name": "Sustainable Agriculture", "program": 16}}, {"model": "school.image", "pk": 1, "fields": {"title": "students", "image": "media/images/student_zz0rrq", "file_path": "student.jpg"}}, {"model": "school.image", "pk": 2, "fields": {"title": "university library", "image": "media/images/university-library-4825366_1280_j0yiva", "file_path": "university-library-4825366_1280.jpg"}}, {"model": "school.image", "pk": 3, "fields": {"title": "college", "image": "media/images/college-5757815_1280_qcu2jl", "file_path": "college-5757815_1280.jpg"}}, {"model": "school.image", "pk": 4, "fields": {"title": "university", "image": "media/images/university-105709_1280_zbarkk", "file_path": "university-105709_1280.jpg"}}, {"model": "school.image", "pk": 5, "fields": {"title": "library", "image": "media/images/library-1400312_1280_cwvxjs", "file_path": "library-1400312_1280.jpg"}}, {"model": "school.image", "pk": 6, "fields": {"title": "university building", "image": "media/images/purdue-university-1848563_1280_zora5d", "file_path": "purdue-university-1848563_1280.jpg"}}, {"model": "school.image", "pk": 7, "fields": {"title": "university building2", "image": "media/images/rice-university-210464_1280_fvvpg2", "file_path": "rice-university-210464_1280.jpg"}}, {"model": "school.image", "pk": 8, "fields": {"title": "college building", "image": "media/images/carleton-college-142708_1280_p9xyxv", "file_path": "carleton-college-142708_1280.jpg"}}, {"model": "school.image", "pk": 9, "fields": {"title": "university building3", "image": "media/images/stanford-university-2599981_1280_qv4bg2", "file_path": "stanford-university-2599981_1280.jpg"}}, {"model": "school.image", "pk": 10, "fields": {"title": "university building4", "image": "media/images/university-of-alabama-1613275_1280_nfgxdt", "file_path": "university-of-alabama-1613275_1280.jpg"}}, {"model": "school.image", "pk": 11, "fields": {"title": "college building 2", "image": "media/images/college-2720350_1280_nklw4p", "file_path": "college-2720350_1280.jpg"}}, {"model": "school.school", "pk": 1, "fields": {"name": "Harvard University", "school_type": "University", "image": 6, "school_link": "https://www.harvard.edu/", "country": "USA"}}, {"model": "school.school", "pk": 2, "fields": {"name": "Stanford University", "school_type": "University", "image": 6, "school_link": "https://www.stanford.edu/", "country": "USA"}}, {"model": "school.school", "pk": 3, "fields": {"name": "Massachusetts Institute of Technology (MIT)", "school_type": "University", "image": 6, "school_link": "https://web.mit.edu/", "country": "USA"}}, {"model": "school.school", "pk": 4, "fields": {"name": "University of California, Berkeley", "school_type": "University", "image": 2, "school_link": "https://www.berkeley.edu/", "country": "USA"}}, {"model": "school.school", "pk": 5, "fields": {"name": "Princeton University", "school_type": "University", "image": 7, "school_link": "https://www.princeton.edu/", "country": "USA"}}, {"model": "school.school", "pk": 6, "fields": {"name": "Yale University", "school_type": "University", "image": 7, "school_link": "https://www.yale.edu/", "country": "USA"}}, {"model": "school.school", "pk": 7, "fields": {"name": "California Institute of Technology (Caltech)", "school_type": "University", "image": 7, "school_link": "https://www.caltech.edu/", "country": "USA"}}, {"model": "school.school", "pk": 8, "fields": {"name": "Columbia University", "school_type": "University", "image": 4, "school_link": "https://www.columbia.edu/", "country": "USA"}}, {"model": "school.school", "pk": 9, "fields": {"name": "University of Chicago", "school_type": "University", "image": 4, "school_link": "https://www.uchicago.edu/", "country": "USA"}}, {"model": "school.school", "pk": 10, "fields": {"name": "University of California, Los Angeles (UCLA)", "school_type": "University", "image": 10, "school_link": "https://www.ucla.edu/", "country": "USA"}}, {"model": "school.school", "pk": 11, "fields": {"name": "University of Pennsylvania", "school_type": "University", "image": 1, "school_link": "https://www.upenn.edu/", "country": "USA"}}, {"model": "school.school", "pk": 12, "fields": {"name": "Duke University", "school_type": "University", "image": 10, "school_link": "https://www.duke.edu/", "country": "USA"}}, {"model": "school.school", "pk": 13, "fields": {"name": "Johns Hopkins University", "school_type": "University", "image": 10, "school_link": "https://www.jhu.edu/", "country": "USA"}}, {"model": "school.school", "pk": 14, "fields": {"name": "University of Michigan, Ann Arbor", "school_type": "University", "image": 9, "school_link": "https://umich.edu/", "country": "USA"}}, {"model": "school.school", "pk": 15, "fields": {"name": "Northwestern University", "school_type": "University", "image": 9, "school_link": "https://www.northwestern.edu/", "country": "USA"}}, {"model": "school.school", "pk": 16, "fields": {"name": "California State University, Fullerton", "school_type": "University", "image": 9, "school_link": "https://www.fullerton.edu/", "country": "USA"}}, {"model": "school.school", "pk": 17, "fields": {"name": "Cornell University", "school_type": "University", "image": 7, "school_link": "https://www.cornell.edu/", "country": "USA"}}, {"model": "school.school", "pk": 18, "fields": {"name": "New York University (NYU)", "school_type": "University", "image": 7, "school_link": "https://www.nyu.edu/", "country": "USA"}}, {"model": "school.school", "pk": 19, "fields": {"name": "University of California, San Diego (UCSD)", "school_type": "University", "image": 7, "school_link": "https://ucsd.edu/", "country": "USA"}}, {"model": "school.school", "pk": 20, "fields": {"name": "University of Texas at Austin", "school_type": "University", "image": 7, "school_link": "https://www.utexas.edu/", "country": "USA"}}, {"model": "school.school", "pk": 21, "fields": {"name": "University of Virginia", "school_type": "University", "image": 6, "school_link": "https://www.virginia.edu/", "country": "USA"}}, {"model": "school.school", "pk": 22, "fields": {"name": "University of Florida", "school_type": "University", "image": 6, "school_link": "https://www.ufl.edu/", "country": "USA"}}, {"model": "school.school", "pk": 23, "fields": {"name": "University of Washington", "school_type": "University", "image": 6, "school_link": "https://www.washington.edu/", "country": "USA"}}, {"model": "school.school", "pk": 24, "fields": {"name": "University of Wisconsin-Madison", "school_type": "University", "image": 6, "school_link": "https://www.wisc.edu/", "country": "USA"}}, {"model": "school.school", "pk": 25, "fields": {"name": "University of North Carolina at Chapel Hill", "school_type": "University", "image": 6, "school_link": "https://www.unc.edu/", "country": "USA"}}, {"model": "school.school", "pk": 26, "fields": {"name": "University of Illinois at Urbana-Champaign", "school_type": "University", "image": 7, "school_link": "https://illinois.edu/", "country": "USA"}}, {"model": "school.school", "pk": 27, "fields": {"name": "University of Southern California (USC)", "school_type": "University", "image": 7, "school_link": "https://www.usc.edu/", "country": "USA"}}, {"model": "school.school", "pk": 28, "fields": {"name": "Boston University", "school_type": "University", "image": 7, "school_link": "https://www.bu.edu/", "country": "USA"}}, {"model": "school.school", "pk": 29, "fields": {"name": "University of Georgia", "school_type": "University", "image": 7, "school_link": "https://www.uga.edu/", "country": "USA"}}, {"model": "school.school", "pk": 30, "fields": {"name": "University of California, Santa Barbara (UCSB)", "school_type": "University", "image": 7, "school_link": "https://www.ucsb.edu/", "country": "USA"}}, {"model": "school.school", "pk": 31, "fields": {"name": "University of Maryland, College Park", "school_type": "University", "image": 7, "school_link": "https://www.umd.edu/", "country": "USA"}}, {"model": "school.school", "pk": 32, "fields": {"name": "University of Arizona", "school_type": "University", "image": 4, "school_link": "https://www.arizona.edu/", "country": "USA"}}, {"model": "school.school", "pk": 33, "fields": {"name": "University of Colorado Boulder", "school_type": "University", "image": 4, "school_link": "https://www.colorado.edu/", "country": "USA"}}, {"model": "school.school", "pk": 34, "fields": {"name": "University of Miami", "school_type": "University", "image": 4, "school_link": "https://www.miami.edu/", "country": "USA"}}, {"model": "school.school", "pk": 35, "fields": {"name": "Vanderbilt University", "school_type": "University", "image": 4, "school_link": "https://www.vanderbilt.edu/", "country": "USA"}}, {"model": "school.school", "pk": 36, "fields": {"name": "University of Pittsburgh", "school_type": "University", "image": 4, "school_link": "https://www.pitt.edu/", "country": "USA"}}, {"model": "school.school", "pk": 37, "fields": {"name": "University of Minnesota, Twin Cities", "school_type": "University", "image": 4, "school_link": "https://twin-cities.umn.edu/", "country": "USA"}}, {"model": "school.school", "pk": 38, "fields": {"name": "Ohio State University", "school_type": "University", "image": 4, "school_link": "https://www.osu.edu/", "country": "USA"}}, {"model": "school.school", "pk": 39, "fields": {"name": "University of Massachusetts Amherst", "school_type": "University", "image": 2, "school_link": "https://www.umass.edu/", "country": "USA"}}, {"model": "school.school", "pk": 40, "fields": {"name": "University of Kansas", "school_type": "University", "image": 2, "school_link": "https://www.ku.edu/", "country": "USA"}}, {"model": "school.school", "pk": 41, "fields": {"name": "University of Oregon", "school_type": "University", "image": 2, "school_link": "https://www.uoregon.edu/", "country": "USA"}}, {"model": "school.school", "pk": 42, "fields": {"name": "University of South Florida", "school_type": "University", "image": 2, "school_link": "https://www.usf.edu/", "country": "USA"}}, {"model": "school.school", "pk": 43, "fields": {"name": "University of New Mexico", "school_type": "University", "image": 6, "school_link": "https://www.unm.edu/", "country": "USA"}}, {"model": "school.school", "pk": 44, "fields": {"name": "University of Alabama", "school_type": "University", "image": 6, "school_link": "https://www.ua.edu/", "country": "USA"}}, {"model": "school.school", "pk": 45, "fields": {"name": "University of Utah", "school_type": "University", "image": 6, "school_link": "https://www.utah.edu/", "country": "USA"}}, {"model": "school.school", "pk": 46, "fields": {"name": "University of Hawaii at Manoa", "school_type": "University", "image": 6, "school_link": "https://manoa.hawaii.edu/", "country": "USA"}}, {"model": "school.school", "pk": 47, "fields": {"name": "University of Kentucky", "school_type": "University", "image": 6, "school_link": "https://www.uky.edu/", "country": "USA"}}, {"model": "school.school", "pk": 48, "fields": {"name": "University of Nevada, Las Vegas (UNLV)", "school_type": "University", "image": 6, "school_link": "https://www.unlv.edu/", "country": "USA"}}, {"model": "school.school", "pk": 49, "fields": {"name": "University of Wyoming", "school_type": "University", "image": 4, "school_link": "https://www.uwyo.edu/", "country": "USA"}}, {"model": "school.school", "pk": 50, "fields": {"name": "University of Delaware", "school_type": "University", "image": 4, "school_link": "https://www.udel.edu/", "country": "USA"}}, {"model": "school.school", "pk": 51, "fields": {"name": "Georgia Institute of Technology (Georgia Tech)", "school_type": "Polytechnic", "image": 1, "school_link": "https://www.gatech.edu/", "country": "USA"}}, {"model": "school.school", "pk": 52, "fields": {"name": "California Polytechnic State University, San Luis Obispo (Cal Poly)", "school_type": "Polytechnic", "image": 1, "school_link": "https://www.calpoly.edu/", "country": "USA"}}, {"model": "school.school", "pk": 53, "fields": {"name": "Virginia Tech", "school_type": "Polytechnic", "image": 1, "school_link": "https://vt.edu/", "country": "USA"}}, {"model": "school.school", "pk": 54, "fields": {"name": "Rochester Institute of Technology (RIT)", "school_type": "Polytechnic", "image": 9, "school_link": "https://www.rit.edu/", "country": "USA"}}, {"model": "school.school", "pk": 55, "fields": {"name": "Polytechnic Institute of New York University (NYU Tandon School of Engineering)", "school_type": "Polytechnic", "image": 9, "school_link": "https://engineering.nyu.edu/", "country": "USA"}}, {"model": "school.school", "pk": 56, "fields": {"name": "Worcester Polytechnic Institute (WPI)", "school_type": "Polytechnic", "image": 9, "school_link": "https://www.wpi.edu/", "country": "USA"}}, {"model": "school.school", "pk": 57, "fields": {"name": "Illinois Institute of Technology (IIT)", "school_type": "Polytechnic", "image": 9, "school_link": "https://www.iit.edu/", "country": "USA"}}, {"model": "school.school", "pk": 58, "fields": {"name": "Rensselaer Polytechnic Institute (RPI)", "school_type": "Polytechnic", "image": 2, "school_link": "https://www.rpi.edu/", "country": "USA"}}, {"model": "school.school", "pk": 59, "fields": {"name": "New Jersey Institute of Technology (NJIT)", "school_type": "Polytechnic", "image": 2, "school_link": "https://www.njit.edu/", "country": "USA"}}, {"model": "school.school", "pk": 60, "fields": {"name": "Colorado School of Mines", "school_type": "Polytechnic", "image": 2, "school_link": "https://www.mines.edu/", "country": "USA"}}, {"model": "school.school", "pk": 61, "fields": {"name": "Oregon Institute of Technology (Oregon Tech)", "school_type": "Polytechnic", "image": 2, "school_link": "https://www.oit.edu/", "country": "USA"}}, {"model": "school.school", "pk": 62, "fields": {"name": "Wentworth Institute of Technology", "school_type": "Polytechnic", "image": 2, "school_link": "https://wit.edu/", "country": "USA"}}, {"model": "school.school", "pk": 63, "fields": {"name": "Milwaukee School of Engineering (MSOE)", "school_type": "Polytechnic", "image": 9, "school_link": "https://www.msoe.edu/", "country": "USA"}}, {"model": "school.school", "pk": 64, "fields": {"name": "South Dakota School of Mines & Technology (SD Mines)", "school_type": "Polytechnic", "image": 9, "school_link": "https://www.sdsmt.edu/", "country": "USA"}}, {"model": "school.school", "pk": 65, "fields": {"name": "New England Institute of Technology (NEIT)", "school_type": "Polytechnic", "image": 9, "school_link": "https://www.neit.edu/", "country": "USA"}}, {"model": "school.school", "pk": 66, "fields": {"name": "SUNY Polytechnic Institute", "school_type": "Polytechnic", "image": 9, "school_link": "https://sunypoly.edu/", "country": "USA"}}, {"model": "school.school", "pk": 67, "fields": {"name": "North Dakota State University", "school_type": "Polytechnic", "image": 9, "school_link": "https://www.ndsu.edu/", "country": "USA"}}, {"model": "school.school", "pk": 68, "fields": {"name": "California State Polytechnic University, Pomona (Cal Poly Pomona)", "school_type": "Polytechnic", "image": 9, "school_link": "https://www.cpp.edu/", "country": "USA"}}, {"model": "school.school", "pk": 69, "fields": {"name": "New York City College of Technology (City Tech)", "school_type": "Polytechnic", "image": 9, "school_link": "https://www.citytech.cuny.edu/", "country": "USA"}}, {"model": "school.school", "pk": 70, "fields": {"name": "San Jose State University", "school_type": "Polytechnic", "image": 9, "school_link": "https://www.sjsu.edu/", "country": "USA"}}, {"model": "school.school", "pk": 71, "fields": {"name": "Texas Tech University", "school_type": "Polytechnic", "image": 9, "school_link": "https://www.ttu.edu/", "country": "USA"}}, {"model": "school.school", "pk": 72, "fields": {"name": "Florida Institute of Technology (Florida Tech)", "school_type": "Polytechnic", "image": 5, "school_link": "https://www.fit.edu/", "country": "USA"}}, {"model": "school.school", "pk": 73, "fields": {"name": "Clemson University", "school_type": "Polytechnic", "image": 5, "school_link": "https://www.clemson.edu/", "country": "USA"}}, {"model": "school.school", "pk": 74, "fields": {"name": "University of Akron", "school_type": "Polytechnic", "image": 5, "school_link": "https://www.uakron.edu/", "country": "USA"}}, {"model": "school.school", "pk": 75, "fields": {"name": "Eastern Michigan University", "school_type": "Polytechnic", "image": 5, "school_link": "https://www.emich.edu/", "country": "USA"}}, {"model": "school.school", "pk": 76, "fields": {"name": "Missouri University of Science and Technology (Missouri S&T)", "school_type": "Polytechnic", "image": 5, "school_link": "https://www.mst.edu/", "country": "USA"}}, {"model": "school.school", "pk": 77, "fields": {"name": "Community College of Philadelphia", "school_type": "College", "image": 3, "school_link": "https://www.ccp.edu/", "country": "USA"}}, {"model": "school.school", "pk": 78, "fields": {"name": "Los Angeles City College", "school_type": "College", "image": 3, "school_link": "https://www.lacitycollege.edu/", "country": "USA"}}, {"model": "school.school", "pk": 79, "fields": {"name": "Miami Dade College", "school_type": "College", "image": 3, "school_link": "https://www.mdc.edu/", "country": "USA"}}, {"model": "school.school", "pk": 80, "fields": {"name": "Houston Community College", "school_type": "College", "image": 3, "school_link": "https://www.hccs.edu/https://www.mdc.edu/", "country": "USA"}}, {"model": "school.school", "pk": 81, "fields": {"name": "Community College of Denver", "school_type": "College", "image": 3, "school_link": "https://www.ccd.edu/", "country": "USA"}}, {"model": "school.school", "pk": 82, "fields": {"name": "Borough of Manhattan Community College (BMCC)", "school_type": "College", "image": 3, "school_link": "https://www.bmcc.cuny.edu/", "country": "USA"}}, {"model": "school.school", "pk": 83, "fields": {"name": "Valencia College", "school_type": "College", "image": 3, "school_link": "https://valenciacollege.edu/", "country": "USA"}}, {"model": "school.school", "pk": 84, "fields": {"name": "Santa Monica College", "school_type": "College", "image": 3, "school_link": "https://www.smc.edu/", "country": "USA"}}, {"model": "school.school", "pk": 85, "fields": {"name": "Montgomery College", "school_type": "College", "image": 8, "school_link": "https://www.montgomerycollege.edu/", "country": "USA"}}, {"model": "school.school", "pk": 86, "fields": {"name": "Northern Virginia Community College (NOVA)", "school_type": "College", "image": 8, "school_link": "https://www.nvcc.edu/", "country": "USA"}}, {"model": "school.school", "pk": 87, "fields": {"name": "Pima Community College", "school_type": "College", "image": 8, "school_link": "https://www.pima.edu/", "country": "USA"}}, {"model": "school.school", "pk": 88, "fields": {"name": "Community College of Rhode Island (CCRI)", "school_type": "College", "image": 8, "school_link": "https://www.ccri.edu/", "country": "USA"}}, {"model": "school.school", "pk": 89, "fields": {"name": "Ivy Tech Community College", "school_type": "College", "image": 8, "school_link": "https://www.ivytech.edu/", "country": "USA"}}, {"model": "school.school", "pk": 90, "fields": {"name": "San Diego City College", "school_type": "College", "image": 8, "school_link": "https://www.sdcity.edu/", "country": "USA"}}, {"model": "school.school", "pk": 91, "fields": {"name": "Mesa Community College", "school_type": "College", "image": 11, "school_link": "https://www.mesacc.edu/", "country": "USA"}}, {"model": "school.school", "pk": 92, "fields": {"name": "Tarrant County College", "school_type": "College", "image": 11, "school_link": "https://www.tccd.edu/", "country": "USA"}}, {"model": "school.school", "pk": 93, "fields": {"name": "Community College of Allegheny County (CCAC)", "school_type": "College", "image": 11, "school_link": "https://www.ccac.edu/", "country": "USA"}}, {"model": "school.school", "pk": 94, "fields": {"name": "Delaware County Community College", "school_type": "College", "image": 11, "school_link": "https://www.dccc.edu/", "country": "USA"}}, {"model": "school.school", "pk": 95, "fields": {"name": "Queensborough Community College", "school_type": "College", "image": 11, "school_link": "https://www.qcc.cuny.edu/", "country": "USA"}}, {"model": "school.school", "pk": 96, "fields": {"name": "Community College of Baltimore County (CCBC)", "school_type": "College", "image": 11, "school_link": "https://www.ccbcmd.edu/", "country": "USA"}}, {"model": "school.school", "pk": 97, "fields": {"name": "Santa Fe College", "school_type": "College", "image": 11, "school_link": "https://www.sfcollege.edu/", "country": "USA"}}, {"model": "school.school", "pk": 98, "fields": {"name": "College of Southern Nevada (CSN)", "school_type": "College", "image": 11, "school_link": "https://www.csn.edu/", "country": "USA"}}, {"model": "school.school", "pk": 99, "fields": {"name": "Milwaukee Area Technical College (MATC)", "school_type": "College", "image": 11, "school_link": "https://www.matc.edu/", "country": "USA"}}, {"model": "school.school", "pk": 100, "fields": {"name": "Austin Community College", "school_type": "College", "image": 11, "school_link": "https://www.austincc.edu/", "country": "USA"}}, {"model": "school.school", "pk": 101, "fields": {"name": "Lane Community College", "school_type": "College", "image": 11, "school_link": "https://www.lanecc.edu/", "country": "USA"}}, {"model": "school.school", "pk": 102, "fields": {"name": "University of Toronto", "school_type": "University", "image": 1, "school_link": "https://www.utoronto.ca/", "country": "Canada"}}, {"model": "school.school", "pk": 103, "fields": {"name": "University of British Columbia", "school_type": "University", "image": 1, "school_link": "https://www.ubc.ca/", "country": "Canada"}}, {"model": "school.school", "pk": 104, "fields": {"name": "McGill University", "school_type": "University", "image": 1, "school_link": "https://www.mcgill.ca/", "country": "Canada"}}, {"model": "school.school", "pk": 105, "fields": {"name": "University of Alberta", "school_type": "University", "image": 1, "school_link": "https://www.ualberta.ca/", "country": "Canada"}}, {"model": "school.school", "pk": 106, "fields": {"name": "University of Montreal", "school_type": "University", "image": 1, "school_link": "https://www.umontreal.ca/", "country": "Canada"}}, {"model": "school.school", "pk": 107, "fields": {"name": "University of Calgary", "school_type": "University", "image": 2, "school_link": "https://www.ucalgary.ca/", "country": "Canada"}}, {"model": "school.school", "pk": 108, "fields": {"name": "Queen's University", "school_type": "University", "image": 2, "school_link": "https://www.queensu.ca/", "country": "Canada"}}, {"model": "school.school", "pk": 109, "fields": {"name": "McMaster University", "school_type": "University", "image": 2, "school_link": "https://www.mcmaster.ca/", "country": "Canada"}}, {"model": "school.school", "pk": 110, "fields": {"name": "University of Waterloo", "school_type": "University", "image": 2, "school_link": "https://uwaterloo.ca/", "country": "Canada"}}, {"model": "school.school", "pk": 111, "fields": {"name": "University of Ottawa", "school_type": "University", "image": 2, "school_link": "https://www.uottawa.ca/", "country": "Canada"}}, {"model": "school.school", "pk": 112, "fields": {"name": "University of Saskatchewan", "school_type": "University", "image": 2, "school_link": "https://www.usask.ca/", "country": "Canada"}}, {"model": "school.school", "pk": 113, "fields": {"name": "Simon Fraser University", "school_type": "University", "image": 2, "school_link": "https://www.sfu.ca/", "country": "Canada"}}, {"model": "school.school", "pk": 114, "fields": {"name": "Western University", "school_type": "University", "image": 2, "school_link": "https://www.uwo.ca/", "country": "Canada"}}, {"model": "school.school", "pk": 115, "fields": {"name": "University of Victoria", "school_type": "University", "image": 2, "school_link": "https://www.uvic.ca/", "country": "Canada"}}, {"model": "school.school", "pk": 116, "fields": {"name": "University of Guelph", "school_type": "University", "image": 2, "school_link": "https://www.uoguelph.ca/", "country": "Canada"}}, {"model": "school.school", "pk": 117, "fields": {"name": "Dalhousie University", "school_type": "University", "image": 4, "school_link": "https://www.dal.ca/", "country": "Canada"}}, {"model": "school.school", "pk": 118, "fields": {"name": "University of Manitoba", "school_type": "University", "image": 4, "school_link": "https://umanitoba.ca/", "country": "Canada"}}, {"model": "school.school", "pk": 119, "fields": {"name": "Carleton University", "school_type": "University", "image": 4, "school_link": "https://carleton.ca/", "country": "Canada"}}, {"model": "school.school", "pk": 120, "fields": {"name": "University of Regina", "school_type": "University", "image": 4, "school_link": "https://www.uregina.ca/", "country": "Canada"}}, {"model": "school.school", "pk": 121, "fields": {"name": "York University", "school_type": "University", "image": 4, "school_link": "https://www.yorku.ca/", "country": "Canada"}}, {"model": "school.school", "pk": 122, "fields": {"name": "Memorial University of Newfoundland", "school_type": "University", "image": 4, "school_link": "https://www.mun.ca/", "country": "Canada"}}, {"model": "school.school", "pk": 123, "fields": {"name": "University of New Brunswick", "school_type": "University", "image": 4, "school_link": "https://www.unb.ca/", "country": "Canada"}}, {"model": "school.school", "pk": 124, "fields": {"name": "Ryerson University", "school_type": "University", "image": 7, "school_link": "https://www.ryerson.ca/", "country": "Canada"}}, {"model": "school.school", "pk": 125, "fields": {"name": "University of Lethbridge", "school_type": "University", "image": 7, "school_link": "https://www.uleth.ca/", "country": "Canada"}}, {"model": "school.school", "pk": 126, "fields": {"name": "University of Prince Edward Island", "school_type": "University", "image": 7, "school_link": "https://www.upei.ca/", "country": "Canada"}}, {"model": "school.school", "pk": 127, "fields": {"name": "University of Northern British Columbia", "school_type": "University", "image": 7, "school_link": "https://www.unbc.ca/", "country": "Canada"}}, {"model": "school.school", "pk": 128, "fields": {"name": "University of Windsor", "school_type": "University", "image": 7, "school_link": "https://www.uwindsor.ca/", "country": "Canada"}}, {"model": "school.school", "pk": 129, "fields": {"name": "University of Sherbrooke", "school_type": "University", "image": 7, "school_link": "https://www.usherbrooke.ca/", "country": "Canada"}}, {"model": "school.school", "pk": 130, "fields": {"name": "Concordia University", "school_type": "University", "image": 7, "school_link": "https://www.concordia.ca/", "country": "Canada"}}, {"model": "school.school", "pk": 131, "fields": {"name": "University of Moncton", "school_type": "University", "image": 7, "school_link": "https://www.umoncton.ca/", "country": "Canada"}}, {"model": "school.school", "pk": 132, "fields": {"name": "Seneca College", "school_type": "College", "image": 3, "school_link": "https://www.senecacollege.ca/", "country": "Canada"}}, {"model": "school.school", "pk": 133, "fields": {"name": "Humber College", "school_type": "College", "image": 3, "school_link": "https://humber.ca/", "country": "Canada"}}, {"model": "school.school", "pk": 134, "fields": {"name": "George Brown College", "school_type": "College", "image": 3, "school_link": "https://www.georgebrown.ca/", "country": "Canada"}}, {"model": "school.school", "pk": 135, "fields": {"name": "Centennial College", "school_type": "College", "image": 3, "school_link": "https://www.centennialcollege.ca/", "country": "Canada"}}, {"model": "school.school", "pk": 136, "fields": {"name": "Sheridan College", "school_type": "College", "image": 3, "school_link": "https://www.sheridancollege.ca/", "country": "Canada"}}, {"model": "school.school", "pk": 137, "fields": {"name": "Algonquin College", "school_type": "College", "image": 8, "school_link": "https://www.algonquincollege.com/", "country": "Canada"}}, {"model": "school.school", "pk": 138, "fields": {"name": "Fanshawe College", "school_type": "College", "image": 8, "school_link": "https://www.fanshawec.ca/", "country": "Canada"}}, {"model": "school.school", "pk": 139, "fields": {"name": "Conestoga College", "school_type": "College", "image": 8, "school_link": "https://www.conestogac.on.ca/", "country": "Canada"}}, {"model": "school.school", "pk": 140, "fields": {"name": "Mohawk College", "school_type": "College", "image": 8, "school_link": "https://www.mohawkcollege.ca/", "country": "Canada"}}, {"model": "school.school", "pk": 141, "fields": {"name": "Durham College", "school_type": "College", "image": 8, "school_link": "https://durhamcollege.ca/", "country": "Canada"}}, {"model": "school.school", "pk": 142, "fields": {"name": "Northern Alberta Institute of Technology (NAIT)", "school_type": "College", "image": 8, "school_link": "https://www.nait.ca/", "country": "Canada"}}, {"model": "school.school", "pk": 143, "fields": {"name": "Bow Valley College", "school_type": "College", "image": 8, "school_link": "https://bowvalleycollege.ca/", "country": "Canada"}}, {"model": "school.school", "pk": 144, "fields": {"name": "Red River College", "school_type": "College", "image": 8, "school_link": "https://www.rrc.ca/", "country": "Canada"}}, {"model": "school.school", "pk": 145, "fields": {"name": "Langara College", "school_type": "College", "image": 8, "school_link": "https://langara.ca/", "country": "Canada"}}, {"model": "school.school", "pk": 146, "fields": {"name": "Niagara College", "school_type": "College", "image": 11, "school_link": "https://www.niagaracollege.ca/", "country": "Canada"}}, {"model": "school.school", "pk": 147, "fields": {"name": "Vancouver Community College", "school_type": "College", "image": 11, "school_link": "https://www.vcc.ca/", "country": "Canada"}}, {"model": "school.school", "pk": 148, "fields": {"name": "Douglas College", "school_type": "College", "image": 11, "school_link": "https://www.douglascollege.ca/", "country": "Canada"}}, {"model": "school.school", "pk": 149, "fields": {"name": "Camosun College", "school_type": "College", "image": 11, "school_link": "https://camosun.ca/", "country": "Canada"}}, {"model": "school.school", "pk": 150, "fields": {"name": "Okanagan", "school_type": "College", "image": 11, "school_link": "https://www.okanagan.bc.ca/", "country": "Canada"}}, {"model": "school.school", "pk": 151, "fields": {"name": "College of the Rockies", "school_type": "College", "image": 11, "school_link": "https://www.cotr.bc.ca/", "country": "Canada"}}, {"model": "school.school", "pk": 152, "fields": {"name": "College of New Caledonia", "school_type": "College", "image": 11, "school_link": "https://cnc.bc.ca/", "country": "Canada"}}, {"model": "school.school", "pk": 153, "fields": {"name": "Selkirk College", "school_type": "College", "image": 11, "school_link": "https://selkirk.ca/", "country": "Canada"}}, {"model": "school.school", "pk": 154, "fields": {"name": "University of Oxford", "school_type": "University", "image": 2, "school_link": "https://www.ox.ac.uk/", "country": "UK"}}, {"model": "school.school", "pk": 155, "fields": {"name": "University of Cambridge", "school_type": "University", "image": 2, "school_link": "https://www.cam.ac.uk/", "country": "UK"}}, {"model": "school.school", "pk": 156, "fields": {"name": "Imperial College London", "school_type": "University", "image": 2, "school_link": "https://www.imperial.ac.uk/", "country": "UK"}}, {"model": "school.school", "pk": 157, "fields": {"name": "London School of Economics and Political Science (LSE)", "school_type": "University", "image": 2, "school_link": "https://www.lse.ac.uk/", "country": "UK"}}, {"model": "school.school", "pk": 158, "fields": {"name": "University of Edinburgh", "school_type": "University", "image": 2, "school_link": "https://www.ed.ac.uk/", "country": "UK"}}, {"model": "school.school", "pk": 159, "fields": {"name": "University of Manchester", "school_type": "University", "image": 2, "school_link": "https://www.manchester.ac.uk/", "country": "UK"}}, {"model": "school.school", "pk": 160, "fields": {"name": "University College London (UCL)", "school_type": "University", "image": 2, "school_link": "https://www.ucl.ac.uk/", "country": "UK"}}, {"model": "school.school", "pk": 161, "fields": {"name": "University of Bristol", "school_type": "University", "image": 2, "school_link": "https://www.bristol.ac.uk/", "country": "UK"}}, {"model": "school.school", "pk": 162, "fields": {"name": "University of Glasgow", "school_type": "University", "image": 2, "school_link": "https://www.gla.ac.uk/", "country": "UK"}}, {"model": "school.school", "pk": 163, "fields": {"name": "King's College London", "school_type": "University", "image": 2, "school_link": "https://www.kcl.ac.uk/", "country": "UK"}}, {"model": "school.school", "pk": 164, "fields": {"name": "University of Warwick", "school_type": "University", "image": 4, "school_link": "https://warwick.ac.uk/", "country": "UK"}}, {"model": "school.school", "pk": 165, "fields": {"name": "University of Southampton", "school_type": "University", "image": 4, "school_link": "https://www.southampton.ac.uk/", "country": "UK"}}, {"model": "school.school", "pk": 166, "fields": {"name": "University of Birmingham", "school_type": "University", "image": 4, "school_link": "https://www.birmingham.ac.uk/", "country": "UK"}}, {"model": "school.school", "pk": 167, "fields": {"name": "University of Nottingham", "school_type": "University", "image": 4, "school_link": "https://www.nottingham.ac.uk/", "country": "UK"}}, {"model": "school.school", "pk": 168, "fields": {"name": "University of Leeds", "school_type": "University", "image": 4, "school_link": "https://www.leeds.ac.uk/", "country": "UK"}}, {"model": "school.school", "pk": 169, "fields": {"name": "University of Sheffield", "school_type": "University", "image": 4, "school_link": "https://www.sheffield.ac.uk/", "country": "UK"}}, {"model": "school.school", "pk": 170, "fields": {"name": "University of Newcastle upon Tyne", "school_type": "University", "image": 4, "school_link": "https://www.ncl.ac.uk/", "country": "UK"}}, {"model": "school.school", "pk": 171, "fields": {"name": "University of Liverpool", "school_type": "University", "image": 4, "school_link": "https://www.liverpool.ac.uk/", "country": "UK"}}, {"model": "school.school", "pk": 172, "fields": {"name": "University of Aberdeen", "school_type": "University", "image": 4, "school_link": "https://www.abdn.ac.uk/", "country": "UK"}}, {"model": "school.school", "pk": 173, "fields": {"name": "University of Exeter", "school_type": "University", "image": 4, "school_link": "https://www.exeter.ac.uk/", "country": "UK"}}, {"model": "school.school", "pk": 174, "fields": {"name": "University of Leicester", "school_type": "University", "image": 5, "school_link": "https://www.le.ac.uk/", "country": "UK"}}, {"model": "school.school", "pk": 175, "fields": {"name": "University of East Anglia (UEA)", "school_type": "University", "image": 5, "school_link": "https://www.uea.ac.uk/", "country": "UK"}}, {"model": "school.school", "pk": 176, "fields": {"name": "University of Dundee", "school_type": "University", "image": 5, "school_link": "https://www.dundee.ac.uk/", "country": "UK"}}, {"model": "school.school", "pk": 177, "fields": {"name": "Queen's University Belfast", "school_type": "University", "image": 5, "school_link": "https://www.qub.ac.uk/", "country": "UK"}}, {"model": "school.school", "pk": 178, "fields": {"name": "Cardiff University", "school_type": "University", "image": 5, "school_link": "https://www.cardiff.ac.uk/", "country": "UK"}}, {"model": "school.school", "pk": 179, "fields": {"name": "University of St Andrews", "school_type": "University", "image": 5, "school_link": "https://www.st-andrews.ac.uk/", "country": "UK"}}, {"model": "school.school", "pk": 180, "fields": {"name": "University of York", "school_type": "University", "image": 5, "school_link": "https://www.york.ac.uk/", "country": "UK"}}, {"model": "school.school", "pk": 181, "fields": {"name": "University of Bath", "school_type": "University", "image": 5, "school_link": "https://www.bath.ac.uk/", "country": "UK"}}, {"model": "school.school", "pk": 182, "fields": {"name": "Lancaster University", "school_type": "University", "image": 5, "school_link": "https://www.lancaster.ac.uk/", "country": "UK"}}, {"model": "school.school", "pk": 183, "fields": {"name": "University of Reading", "school_type": "University", "image": 5, "school_link": "https://www.reading.ac.uk/", "country": "UK"}}, {"model": "school.school", "pk": 184, "fields": {"name": "University of Sussex", "school_type": "University", "image": 5, "school_link": "https://www.sussex.ac.uk/", "country": "UK"}}, {"model": "school.school", "pk": 185, "fields": {"name": "University of Kent", "school_type": "University", "image": 5, "school_link": "https://www.kent.ac.uk/", "country": "UK"}}, {"model": "school.school", "pk": 186, "fields": {"name": "University of Surrey", "school_type": "University", "image": 5, "school_link": "https://www.surrey.ac.uk/", "country": "UK"}}, {"model": "school.school", "pk": 187, "fields": {"name": "Loughborough University", "school_type": "University", "image": 6, "school_link": "https://www.lboro.ac.uk/", "country": "UK"}}, {"model": "school.school", "pk": 188, "fields": {"name": "University of Essex", "school_type": "University", "image": 6, "school_link": "https://www.essex.ac.uk/", "country": "UK"}}, {"model": "school.school", "pk": 189, "fields": {"name": "University of Stirling", "school_type": "University", "image": 5, "school_link": "https://www.stir.ac.uk/", "country": "UK"}}, {"model": "school.school", "pk": 190, "fields": {"name": "University of Strathclyde", "school_type": "University", "image": 5, "school_link": "https://www.strath.ac.uk/", "country": "UK"}}, {"model": "school.school", "pk": 191, "fields": {"name": "Queen Mary University of London", "school_type": "University", "image": 5, "school_link": "https://www.qmul.ac.uk/", "country": "UK"}}, {"model": "school.school", "pk": 192, "fields": {"name": "Heriot-Watt University", "school_type": "University", "image": 5, "school_link": "https://www.hw.ac.uk/", "country": "UK"}}, {"model": "school.school", "pk": 193, "fields": {"name": "University of Hertfordshire", "school_type": "University", "image": 5, "school_link": "https://www.herts.ac.uk/", "country": "UK"}}, {"model": "school.school", "pk": 194, "fields": {"name": "University of Lincoln", "school_type": "University", "image": 5, "school_link": "https://www.lincoln.ac.uk/", "country": "UK"}}, {"model": "school.school", "pk": 195, "fields": {"name": "Swansea University", "school_type": "University", "image": 5, "school_link": "https://www.swansea.ac.uk/", "country": "UK"}}, {"model": "school.school", "pk": 196, "fields": {"name": "University of Portsmouth", "school_type": "University", "image": 5, "school_link": "https://www.port.ac.uk/", "country": "UK"}}, {"model": "school.school", "pk": 197, "fields": {"name": "Bangor University", "school_type": "University", "image": 6, "school_link": "https://www.bangor.ac.uk/", "country": "UK"}}, {"model": "school.school", "pk": 198, "fields": {"name": "Royal Holloway, University of London", "school_type": "University", "image": 6, "school_link": "https://www.royalholloway.ac.uk/", "country": "UK"}}, {"model": "school.school", "pk": 199, "fields": {"name": "University of Greenwich", "school_type": "University", "image": 6, "school_link": "https://www.gre.ac.uk/", "country": "UK"}}, {"model": "school.school", "pk": 200, "fields": {"name": "Keele University", "school_type": "University", "image": 6, "school_link": "https://www.keele.ac.uk/", "country": "UK"}}, {"model": "school.school", "pk": 201, "fields": {"name": "University of Salford", "school_type": "University", "image": 6, "school_link": "https://www.salford.ac.uk/", "country": "UK"}}, {"model": "school.school", "pk": 202, "fields": {"name": "Birkbeck, University of London", "school_type": "University", "image": 6, "school_link": "https://www.bbk.ac.uk/", "country": "UK"}}, {"model": "school.school", "pk": 203, "fields": {"name": "Goldsmiths, University of London", "school_type": "University", "image": 6, "school_link": "https://www.gold.ac.uk/", "country": "UK"}}, {"model": "school.school", "pk": 204, "fields": {"name": "University of Roehampton", "school_type": "University", "image": 6, "school_link": "https://www.roehampton.ac.uk/", "country": "UK"}}, {"model": "school.school", "pk": 205, "fields": {"name": "University of Bedfordshire", "school_type": "University", "image": 6, "school_link": "https://www.beds.ac.uk/", "country": "UK"}}, {"model": "school.school", "pk": 206, "fields": {"name": "University of Winchester", "school_type": "University", "image": 6, "school_link": "https://www.winchester.ac.uk/", "country": "UK"}}, {"model": "school.school", "pk": 207, "fields": {"name": "Abertay University", "school_type": "University", "image": 6, "school_link": "https://www.abertay.ac.uk/", "country": "UK"}}, {"model": "school.school", "pk": 208, "fields": {"name": "Staffordshire University", "school_type": "University", "image": 7, "school_link": "https://www.staffs.ac.uk/", "country": "UK"}}, {"model": "school.school", "pk": 209, "fields": {"name": "University of Derby", "school_type": "University", "image": 7, "school_link": "https://www.derby.ac.uk/", "country": "UK"}}, {"model": "school.school", "pk": 210, "fields": {"name": "University of Chichester", "school_type": "University", "image": 7, "school_link": "https://www.chi.ac.uk/", "country": "UK"}}, {"model": "school.school", "pk": 211, "fields": {"name": "University of the West of England", "school_type": "University", "image": 7, "school_link": "https://www.uwe.ac.uk/", "country": "UK"}}, {"model": "school.school", "pk": 212, "fields": {"name": "University of Plymouth", "school_type": "University", "image": 7, "school_link": "https://www.plymouth.ac.uk/", "country": "UK"}}, {"model": "school.school", "pk": 213, "fields": {"name": "University of Wolverhampton", "school_type": "University", "image": 7, "school_link": "https://www.wlv.ac.uk/", "country": "UK"}}, {"model": "school.school", "pk": 214, "fields": {"name": "University of Northumbria", "school_type": "University", "image": 7, "school_link": "https://www.northumbria.ac.uk/", "country": "UK"}}, {"model": "school.school", "pk": 215, "fields": {"name": "Oxford Brookes University", "school_type": "University", "image": 7, "school_link": "https://www.brookes.ac.uk/", "country": "UK"}}, {"model": "school.school", "pk": 216, "fields": {"name": "University of Huddersfield", "school_type": "University", "image": 9, "school_link": "https://www.hud.ac.uk/", "country": "UK"}}, {"model": "school.school", "pk": 217, "fields": {"name": "Anglia Ruskin University", "school_type": "University", "image": 9, "school_link": "https://www.anglia.ac.uk/", "country": "UK"}}, {"model": "school.school", "pk": 218, "fields": {"name": "Glasgow Caledonian University", "school_type": "University", "image": 9, "school_link": "https://www.gcu.ac.uk/", "country": "UK"}}, {"model": "school.school", "pk": 219, "fields": {"name": "University of Westminster", "school_type": "University", "image": 9, "school_link": "https://www.westminster.ac.uk/", "country": "UK"}}, {"model": "school.school", "pk": 220, "fields": {"name": "Edinburgh Napier University", "school_type": "University", "image": 9, "school_link": "https://www.napier.ac.uk/", "country": "UK"}}, {"model": "school.school", "pk": 221, "fields": {"name": "University of South Wales", "school_type": "University", "image": 9, "school_link": "https://www.southwales.ac.uk/", "country": "UK"}}, {"model": "school.school", "pk": 222, "fields": {"name": "University of Central Lancashire", "school_type": "University", "image": 9, "school_link": "https://www.uclan.ac.uk/", "country": "UK"}}, {"model": "school.school", "pk": 223, "fields": {"name": "University of the Arts London", "school_type": "University", "image": 10, "school_link": "https://www.arts.ac.uk/", "country": "UK"}}, {"model": "school.school", "pk": 224, "fields": {"name": "Manchester Metropolitan University", "school_type": "University", "image": 10, "school_link": "https://www.mmu.ac.uk/", "country": "UK"}}, {"model": "school.school", "pk": 225, "fields": {"name": "Coventry University", "school_type": "University", "image": 10, "school_link": "https://www.coventry.ac.uk/", "country": "UK"}}, {"model": "school.school", "pk": 226, "fields": {"name": "University of Sunderland", "school_type": "University", "image": 10, "school_link": "https://www.sunderland.ac.uk/", "country": "UK"}}, {"model": "school.school", "pk": 227, "fields": {"name": "University of the West of Scotland", "school_type": "University", "image": 10, "school_link": "https://www.uws.ac.uk/", "country": "UK"}}, {"model": "school.school", "pk": 228, "fields": {"name": "Middlesex University", "school_type": "University", "image": 10, "school_link": "https://www.mdx.ac.uk/", "country": "UK"}}, {"model": "school.school", "pk": 229, "fields": {"name": "University of Gloucestershire", "school_type": "University", "image": 10, "school_link": "https://www.glos.ac.uk/", "country": "UK"}}, {"model": "school.school", "pk": 230, "fields": {"name": "University of Bolton", "school_type": "University", "image": 10, "school_link": "https://www.bolton.ac.uk/", "country": "UK"}}, {"model": "school.school", "pk": 231, "fields": {"name": "London South Bank University", "school_type": "University", "image": 10, "school_link": "https://www.lsbu.ac.uk/", "country": "UK"}}, {"model": "school.school", "pk": 232, "fields": {"name": "Teesside University", "school_type": "University", "image": 10, "school_link": "https://www.tees.ac.uk/", "country": "UK"}}, {"model": "school.school", "pk": 233, "fields": {"name": "University of Cumbria", "school_type": "University", "image": 1, "school_link": "https://www.cumbria.ac.uk/", "country": "UK"}}, {"model": "school.school", "pk": 234, "fields": {"name": "Leeds Beckett University", "school_type": "University", "image": 1, "school_link": "https://www.leedsbeckett.ac.uk/", "country": "UK"}}, {"model": "school.school", "pk": 235, "fields": {"name": "University of Chester", "school_type": "University", "image": 1, "school_link": "https://www.chester.ac.uk/", "country": "UK"}}, {"model": "school.school", "pk": 236, "fields": {"name": "University of Suffolk", "school_type": "University", "image": 1, "school_link": "https://www.uos.ac.uk/", "country": "UK"}}, {"model": "school.school", "pk": 237, "fields": {"name": "St. George's, University of London", "school_type": "University", "image": 1, "school_link": "https://www.sgul.ac.uk/", "country": "UK"}}, {"model": "school.school", "pk": 238, "fields": {"name": "Canterbury Christ Church University", "school_type": "University", "image": 1, "school_link": "https://www.canterbury.ac.uk/", "country": "UK"}}, {"model": "school.school", "pk": 239, "fields": {"name": "Bishop Grosseteste University", "school_type": "University", "image": 1, "school_link": "https://www.bishopg.ac.uk/", "country": "UK"}}, {"model": "school.school", "pk": 240, "fields": {"name": "Royal Agricultural University", "school_type": "University", "image": 1, "school_link": "https://www.rau.ac.uk/", "country": "UK"}}, {"model": "school.school", "pk": 241, "fields": {"name": "Arts University Bournemouth", "school_type": "University", "image": 1, "school_link": "https://aub.ac.uk/", "country": "UK"}}, {"model": "school.school", "pk": 242, "fields": {"name": "Falmouth University", "school_type": "University", "image": 1, "school_link": "https://www.falmouth.ac.uk/", "country": "UK"}}, {"model": "school.school", "pk": 243, "fields": {"name": "Royal Conservatoire of Scotland", "school_type": "University", "image": 3, "school_link": "https://www.rcs.ac.uk/", "country": "UK"}}, {"model": "school.school", "pk": 244, "fields": {"name": "University of the Highlands and Islands", "school_type": "University", "image": 3, "school_link": "https://www.uhi.ac.uk/", "country": "UK"}}, {"model": "school.school", "pk": 245, "fields": {"name": "University of Wales Trinity Saint David", "school_type": "University", "image": 3, "school_link": "https://www.uwtsd.ac.uk/", "country": "UK"}}, {"model": "school.school", "pk": 246, "fields": {"name": "Glyndwr University", "school_type": "University", "image": 3, "school_link": "https://www.glyndwr.ac.uk/", "country": "UK"}}, {"model": "school.school", "pk": 247, "fields": {"name": "University of Worcester", "school_type": "University", "image": 3, "school_link": "https://www.worcester.ac.uk/", "country": "UK"}}, {"model": "school.school", "pk": 248, "fields": {"name": "Liverpool Hope University", "school_type": "University", "image": 3, "school_link": "https://www.hope.ac.uk/", "country": "UK"}}, {"model": "school.school", "pk": 249, "fields": {"name": "University of Hull", "school_type": "University", "image": 3, "school_link": "https://www.hull.ac.uk/", "country": "UK"}}, {"model": "school.school", "pk": 250, "fields": {"name": "City, University of London", "school_type": "University", "image": 3, "school_link": "https://www.city.ac.uk/", "country": "UK"}}, {"model": "school.school", "pk": 251, "fields": {"name": "Ravensbourne University London", "school_type": "University", "image": 3, "school_link": "https://www.ravensbourne.ac.uk/", "country": "UK"}}, {"model": "school.school", "pk": 252, "fields": {"name": "University of East London", "school_type": "University", "image": 3, "school_link": "https://www.uel.ac.uk/", "country": "UK"}}, {"model": "school.school", "pk": 253, "fields": {"name": "Royal Veterinary College", "school_type": "University", "image": 3, "school_link": "https://www.rvc.ac.uk/", "country": "UK"}}, {"model": "school.school", "pk": 254, "fields": {"name": "St George's, University of London", "school_type": "University", "image": 3, "school_link": "https://www.sgul.ac.uk/", "country": "UK"}}, {"model": "school.school", "pk": 255, "fields": {"name": "Regent's University London", "school_type": "University", "image": 3, "school_link": "https://www.regents.ac.uk/", "country": "UK"}}, {"model": "school.school", "pk": 256, "fields": {"name": "Courtauld Institute of Art", "school_type": "University", "image": 3, "school_link": "https://courtauld.ac.uk/", "country": "UK"}}, {"model": "school.school", "pk": 257, "fields": {"name": "London School of Hygiene & Tropical Medicine", "school_type": "University", "image": 11, "school_link": "https://www.lshtm.ac.uk/", "country": "UK"}}, {"model": "school.school", "pk": 258, "fields": {"name": "London Business School", "school_type": "University", "image": 11, "school_link": "https://www.london.edu/", "country": "UK"}}, {"model": "school.school", "pk": 259, "fields": {"name": "SOAS University of London", "school_type": "University", "image": 11, "school_link": "https://www.soas.ac.uk/", "country": "UK"}}, {"model": "school.school", "pk": 260, "fields": {"name": "Cranfield School of Management", "school_type": "University", "image": 4, "school_link": "https://www.cranfield.ac.uk/", "country": "UK"}}, {"model": "school.department", "pk": 1, "fields": {"program": 1, "course": 1, "school": 1, "grade": 1, "degree": 1}}, {"model": "school.department", "pk": 2, "fields": {"program": 1, "course": 2, "school": 1, "grade": 1, "degree": 1}}, {"model": "school.department", "pk": 3, "fields": {"program": 1, "course": 3, "school": 1, "grade": 1, "degree": 1}}, {"model": "school.department", "pk": 4, "fields": {"program": 1, "course": 4, "school": 1, "grade": 1, "degree": 1}}, {"model": "school.department", "pk": 5, "fields": {"program": 1, "course": 5, "school": 1, "grade": 1, "degree": 1}}, {"model": "school.department", "pk": 6, "fields": {"program": 1, "course": 6, "school": 1, "grade": 1, "degree": 1}}, {"model": "school.department", "pk": 7, "fields": {"program": 1, "course": 7, "school": 1, "grade": 1, "degree": 1}}, {"model": "school.department", "pk": 8, "fields": {"program": 1, "course": 8, "school": 1, "grade": 1, "degree": 1}}, {"model": "school.department", "pk": 9, "fields": {"program": 1, "course": 9, "school": 1, "grade": 1, "degree": 1}}, {"model": "school.department", "pk": 10, "fields": {"program": 1, "course": 10, "school": 1, "grade": 1, "degree": 1}}, {"model": "school.department", "pk": 11, "fields": {"program": 1, "course": 11, "school": 1, "grade": 1, "degree": 1}}, {"model": "school.department", "pk": 12, "fields": {"program": 1, "course": 12, "school": 1, "grade": 1, "degree": 1}}, {"model": "school.department", "pk": 13, "fields": {"program": 1, "course": 13, "school": 1, "grade": 1, "degree": 1}}, {"model": "school.department", "pk": 14, "fields": {"program": 1, "course": 14, "school": 1, "grade": 1, "degree": 1}}, {"model": "school.department", "pk": 15, "fields": {"program": 1, "course": 15, "school": 1, "grade": 1, "degree": 1}}, {"model": "school.department", "pk": 16, "fields": {"program": 1, "course": 17, "school": 1, "grade": 1, "degree": 1}}, {"model": "school.department", "pk": 17, "fields": {"program": 1, "course": 18, "school": 1, "grade": 1, "degree": 1}}, {"model": "school.department", "pk": 18, "fields": {"program": 1, "course": 21, "school": 1, "grade": 1, "degree": 1}}, {"model": "school.department", "pk": 19, "fields": {"program": 1, "course": 19, "school": 1, "grade": 1, "degree": 1}}, {"model": "school.department", "pk": 20, "fields": {"program": 1, "course": 20, "school": 1, "grade": 1, "degree": 1}}, {"model": "school.department", "pk": 21, "fields": {"program": 1, "course": 1, "school": 1, "grade": 1, "degree": 2}}, {"model": "school.department", "pk": 22, "fields": {"program": 1, "course": 3, "school": 1, "grade": 1, "degree": 2}}, {"model": "school.department", "pk": 23, "fields": {"program": 1, "course": 2, "school": 1, "grade": 1, "degree": 2}}, {"model": "school.department", "pk": 24, "fields": {"program": 1, "course": 5, "school": 1, "grade": 1, "degree": 2}}, {"model": "school.department", "pk": 25, "fields": {"program": 1, "course": 9, "school": 1, "grade": 1, "degree": 2}}, {"model": "school.department", "pk": 26, "fields": {"program": 1, "course": 15, "school": 1, "grade": 1, "degree": 2}}, {"model": "school.department", "pk": 27, "fields": {"program": 1, "course": 11, "school": 1, "grade": 1, "degree": 2}}, {"model": "school.department", "pk": 28, "fields": {"program": 1, "course": 9, "school": 1, "grade": 1, "degree": 2}}, {"model": "school.department", "pk": 29, "fields": {"program": 2, "course": 24, "school": 1, "grade": 1, "degree": 1}}, {"model": "school.department", "pk": 30, "fields": {"program": 2, "course": 26, "school": 1, "grade": 1, "degree": 1}}, {"model": "school.department", "pk": 31, "fields": {"program": 2, "course": 25, "school": 1, "grade": 1, "degree": 1}}, {"model": "school.department", "pk": 32, "fields": {"program": 2, "course": 23, "school": 1, "grade": 1, "degree": 1}}, {"model": "school.department", "pk": 33, "fields": {"program": 2, "course": 21, "school": 1, "grade": 1, "degree": 1}}, {"model": "school.department", "pk": 34, "fields": {"program": 2, "course": 27, "school": 1, "grade": 1, "degree": 1}}, {"model": "school.department", "pk": 35, "fields": {"program": 2, "course": 28, "school": 1, "grade": 1, "degree": 1}}, {"model": "school.department", "pk": 36, "fields": {"program": 2, "course": 29, "school": 1, "grade": 1, "degree": 1}}, {"model": "school.department", "pk": 37, "fields": {"program": 3, "course": 31, "school": 1, "grade": 1, "degree": 1}}, {"model": "school.department", "pk": 38, "fields": {"program": 3, "course": 32, "school": 1, "grade": 1, "degree": 1}}, {"model": "school.department", "pk": 39, "fields": {"program": 3, "course": 37, "school": 1, "grade": 1, "degree": 1}}, {"model": "school.department", "pk": 40, "fields": {"program": 3, "course": 36, "school": 1, "grade": 1, "degree": 1}}, {"model": "school.department", "pk": 41, "fields": {"program": 3, "course": 35, "school": 1, "grade": 1, "degree": 1}}, {"model": "school.department", "pk": 42, "fields": {"program": 3, "course": 40, "school": 1, "grade": 1, "degree": 1}}, {"model": "school.department", "pk": 43, "fields": {"program": 3, "course": 39, "school": 1, "grade": 1, "degree": 1}}, {"model": "school.department", "pk": 44, "fields": {"program": 3, "course": 42, "school": 1, "grade": 1, "degree": 1}}, {"model": "school.department", "pk": 45, "fields": {"program": 4, "course": 55, "school": 1, "grade": 1, "degree": 1}}, {"model": "school.department", "pk": 46, "fields": {"program": 4, "course": 53, "school": 1, "grade": 1, "degree": 1}}, {"model": "school.department", "pk": 47, "fields": {"program": 4, "course": 54, "school": 1, "grade": 1, "degree": 1}}, {"model": "school.department", "pk": 48, "fields": {"program": 4, "course": 59, "school": 1, "grade": 1, "degree": 10}}, {"model": "school.department", "pk": 49, "fields": {"program": 4, "course": 58, "school": 1, "grade": 1, "degree": 2}}, {"model": "school.department", "pk": 50, "fields": {"program": 4, "course": 56, "school": 1, "grade": 1, "degree": 11}}, {"model": "school.department", "pk": 51, "fields": {"program": 4, "course": 52, "school": 1, "grade": 6, "degree": 11}}, {"model": "school.department", "pk": 52, "fields": {"program": 4, "course": 60, "school": 1, "grade": 1, "degree": 1}}, {"model": "school.department", "pk": 53, "fields": {"program": 4, "course": 63, "school": 1, "grade": 1, "degree": 1}}, {"model": "school.department", "pk": 54, "fields": {"program": 4, "course": 68, "school": 1, "grade": 1, "degree": 1}}, {"model": "school.department", "pk": 55, "fields": {"program": 4, "course": 70, "school": 1, "grade": 1, "degree": 1}}, {"model": "school.department", "pk": 56, "fields": {"program": 7, "course": 118, "school": 1, "grade": 1, "degree": 1}}, {"model": "school.department", "pk": 57, "fields": {"program": 7, "course": 109, "school": 1, "grade": 1, "degree": 1}}, {"model": "school.department", "pk": 58, "fields": {"program": 7, "course": 107, "school": 1, "grade": 1, "degree": 1}}, {"model": "school.department", "pk": 59, "fields": {"program": 7, "course": 110, "school": 1, "grade": 1, "degree": 1}}, {"model": "school.department", "pk": 60, "fields": {"program": 7, "course": 112, "school": 1, "grade": 1, "degree": 1}}, {"model": "school.department", "pk": 61, "fields": {"program": 7, "course": 113, "school": 1, "grade": 1, "degree": 1}}, {"model": "school.department", "pk": 62, "fields": {"program": 7, "course": 111, "school": 1, "grade": 1, "degree": 1}}, {"model": "school.department", "pk": 63, "fields": {"program": 11, "course": 197, "school": 2, "grade": 8, "degree": 8}}, {"model": "school.department", "pk": 64, "fields": {"program": 11, "course": 198, "school": 2, "grade": 1, "degree": 1}}, {"model": "school.department", "pk": 65, "fields": {"program": 11, "course": 199, "school": 2, "grade": 1, "degree": 1}}, {"model": "school.department", "pk": 66, "fields": {"program": 11, "course": 200, "school": 2, "grade": 1, "degree": 1}}, {"model": "school.department", "pk": 67, "fields": {"program": 11, "course": 201, "school": 2, "grade": 1, "degree": 1}}, {"model": "school.department", "pk": 68, "fields": {"program": 11, "course": 202, "school": 2, "grade": 1, "degree": 1}}, {"model": "school.department", "pk": 69, "fields": {"program": 11, "course": 206, "school": 2, "grade": 1, "degree": 1}}, {"model": "school.department", "pk": 70, "fields": {"program": 12, "course": 219, "school": 2, "grade": 1, "degree": 1}}, {"model": "school.department", "pk": 71, "fields": {"program": 12, "course": 217, "school": 2, "grade": 1, "degree": 1}}, {"model": "school.department", "pk": 72, "fields": {"program": 12, "course": 216, "school": 2, "grade": 1, "degree": 1}}, {"model": "school.department", "pk": 73, "fields": {"program": 12, "course": 215, "school": 2, "grade": 1, "degree": 1}}, {"model": "school.department", "pk": 74, "fields": {"program": 12, "course": 220, "school": 2, "grade": 1, "degree": 1}}, {"model": "school.department", "pk": 75, "fields": {"program": 15, "course": 129, "school": 2, "grade": 1, "degree": 1}}, {"model": "school.department", "pk": 76, "fields": {"program": 15, "course": 126, "school": 2, "grade": 1, "degree": 1}}, {"model": "school.department", "pk": 77, "fields": {"program": 15, "course": 125, "school": 2, "grade": 1, "degree": 1}}, {"model": "school.department", "pk": 78, "fields": {"program": 15, "course": 124, "school": 2, "grade": 1, "degree": 1}}, {"model": "school.department", "pk": 79, "fields": {"program": 15, "course": 123, "school": 2, "grade": 1, "degree": 1}}, {"model": "school.department", "pk": 80, "fields": {"program": 15, "course": 122, "school": 2, "grade": 1, "degree": 1}}, {"model": "school.department", "pk": 81, "fields": {"program": 15, "course": 120, "school": 2, "grade": 1, "degree": 1}}, {"model": "school.department", "pk": 82, "fields": {"program": 15, "course": 119, "school": 2, "grade": 1, "degree": 1}}, {"model": "school.department", "pk": 83, "fields": {"program": 7, "course": 114, "school": 2, "grade": 1, "degree": 1}}, {"model": "school.department", "pk": 84, "fields": {"program": 7, "course": 111, "school": 2, "grade": 1, "degree": 1}}, {"model": "school.department", "pk": 85, "fields": {"program": 7, "course": 117, "school": 2, "grade": 1, "degree": 1}}, {"model": "school.department", "pk": 86, "fields": {"program": 7, "course": 115, "school": 2, "grade": 1, "degree": 1}}, {"model": "school.department", "pk": 87, "fields": {"program": 7, "course": 116, "school": 2, "grade": 1, "degree": 1}}, {"model": "school.department", "pk": 88, "fields": {"program": 13, "course": 239, "school": 2, "grade": 1, "degree": 1}}, {"model": "school.department", "pk": 89, "fields": {"program": 13, "course": 238, "school": 2, "grade": 1, "degree": 1}}, {"model": "school.department", "pk": 90, "fields": {"program": 13, "course": 236, "school": 2, "grade": 1, "degree": 1}}, {"model": "school.department", "pk": 91, "fields": {"program": 13, "course": 232, "school": 2, "grade": 1, "degree": 1}}, {"model": "school.department", "pk": 92, "fields": {"program": 13, "course": 234, "school": 2, "grade": 1, "degree": 1}}, {"model": "school.department", "pk": 93, "fields": {"program": 13, "course": 241, "school": 2, "grade": 1, "degree": 1}}, {"model": "school.department", "pk": 94, "fields": {"program": 2, "course": 22, "school": 2, "grade": 1, "degree": 1}}, {"model": "school.department", "pk": 95, "fields": {"program": 2, "course": 21, "school": 2, "grade": 1, "degree": 1}}, {"model": "school.department", "pk": 96, "fields": {"program": 2, "course": 27, "school": 2, "grade": 1, "degree": 1}}, {"model": "school.department", "pk": 97, "fields": {"program": 1, "course": 16, "school": 2, "grade": 1, "degree": 1}}, {"model": "school.department", "pk": 98, "fields": {"program": 1, "course": 17, "school": 2, "grade": 1, "degree": 1}}, {"model": "school.department", "pk": 99, "fields": {"program": 1, "course": 19, "school": 2, "grade": 1, "degree": 1}}, {"model": "school.department", "pk": 100, "fields": {"program": 1, "course": 18, "school": 2, "grade": 1, "degree": 1}}, {"model": "school.department", "pk": 101, "fields": {"program": 1, "course": 20, "school": 2, "grade": 1, "degree": 1}}, {"model": "school.department", "pk": 102, "fields": {"program": 3, "course": 44, "school": 2, "grade": 1, "degree": 1}}, {"model": "school.department", "pk": 103, "fields": {"program": 3, "course": 43, "school": 2, "grade": 1, "degree": 1}}, {"model": "school.department", "pk": 104, "fields": {"program": 3, "course": 41, "school": 2, "grade": 1, "degree": 1}}, {"model": "school.department", "pk": 105, "fields": {"program": 3, "course": 39, "school": 2, "grade": 1, "degree": 1}}, {"model": "school.department", "pk": 106, "fields": {"program": 3, "course": 33, "school": 2, "grade": 1, "degree": 2}}, {"model": "school.department", "pk": 107, "fields": {"program": 3, "course": 32, "school": 2, "grade": 1, "degree": 1}}, {"model": "school.department", "pk": 108, "fields": {"program": 1, "course": 1, "school": 3, "grade": 1, "degree": 1}}, {"model": "school.department", "pk": 109, "fields": {"program": 1, "course": 2, "school": 3, "grade": 1, "degree": 1}}, {"model": "school.department", "pk": 110, "fields": {"program": 1, "course": 3, "school": 3, "grade": 1, "degree": 1}}, {"model": "school.department", "pk": 111, "fields": {"program": 1, "course": 4, "school": 3, "grade": 1, "degree": 1}}, {"model": "school.department", "pk": 112, "fields": {"program": 1, "course": 5, "school": 3, "grade": 1, "degree": 1}}, {"model": "school.department", "pk": 113, "fields": {"program": 1, "course": 6, "school": 3, "grade": 1, "degree": 1}}, {"model": "school.department", "pk": 114, "fields": {"program": 1, "course": 11, "school": 3, "grade": 1, "degree": 1}}, {"model": "school.department", "pk": 115, "fields": {"program": 1, "course": 9, "school": 3, "grade": 1, "degree": 1}}, {"model": "school.department", "pk": 116, "fields": {"program": 1, "course": 13, "school": 3, "grade": 1, "degree": 1}}, {"model": "school.department", "pk": 117, "fields": {"program": 1, "course": 14, "school": 3, "grade": 1, "degree": 1}}, {"model": "school.department", "pk": 118, "fields": {"program": 1, "course": 16, "school": 3, "grade": 1, "degree": 1}}, {"model": "school.department", "pk": 119, "fields": {"program": 1, "course": 15, "school": 3, "grade": 1, "degree": 1}}, {"model": "school.department", "pk": 120, "fields": {"program": 2, "course": 21, "school": 3, "grade": 1, "degree": 1}}, {"model": "school.department", "pk": 121, "fields": {"program": 2, "course": 25, "school": 3, "grade": 1, "degree": 1}}, {"model": "school.department", "pk": 122, "fields": {"program": 2, "course": 23, "school": 3, "grade": 1, "degree": 1}}, {"model": "school.department", "pk": 123, "fields": {"program": 2, "course": 22, "school": 3, "grade": 1, "degree": 1}}, {"model": "school.department", "pk": 124, "fields": {"program": 2, "course": 28, "school": 3, "grade": 1, "degree": 1}}, {"model": "school.department", "pk": 125, "fields": {"program": 2, "course": 27, "school": 3, "grade": 1, "degree": 1}}, {"model": "school.department", "pk": 126, "fields": {"program": 2, "course": 29, "school": 3, "grade": 1, "degree": 1}}, {"model": "school.department", "pk": 127, "fields": {"program": 7, "course": 118, "school": 1, "grade": 1, "degree": 1}}, {"model": "school.department", "pk": 128, "fields": {"program": 7, "course": 117, "school": 1, "grade": 1, "degree": 1}}, {"model": "school.department", "pk": 129, "fields": {"program": 7, "course": 116, "school": 1, "grade": 1, "degree": 1}}, {"model": "school.department", "pk": 130, "fields": {"program": 7, "course": 114, "school": 1, "grade": 1, "degree": 1}}, {"model": "school.department", "pk": 131, "fields": {"program": 7, "course": 111, "school": 1, "grade": 1, "degree": 1}}, {"model": "school.department", "pk": 132, "fields": {"program": 7, "course": 111, "school": 3, "grade": 1, "degree": 1}}, {"model": "school.department", "pk": 133, "fields": {"program": 7, "course": 110, "school": 3, "grade": 1, "degree": 1}}, {"model": "school.department", "pk": 134, "fields": {"program": 7, "course": 118, "school": 3, "grade": 1, "degree": 1}}, {"model": "school.department", "pk": 135, "fields": {"program": 7, "course": 116, "school": 3, "grade": 1, "degree": 1}}, {"model": "school.department", "pk": 136, "fields": {"program": 7, "course": 115, "school": 3, "grade": 1, "degree": 1}}, {"model": "school.department", "pk": 137, "fields": {"program": 7, "course": 114, "school": 3, "grade": 1, "degree": 1}}, {"model": "school.department", "pk": 138, "fields": {"program": 7, "course": 112, "school": 3, "grade": 1, "degree": 1}}, {"model": "school.department", "pk": 139, "fields": {"program": 7, "course": 110, "school": 3, "grade": 1, "degree": 1}}, {"model": "school.department", "pk": 140, "fields": {"program": 7, "course": 110, "school": 3, "grade": 1, "degree": 2}}, {"model": "school.department", "pk": 141, "fields": {"program": 7, "course": 112, "school": 3, "grade": 1, "degree": 2}}, {"model": "school.department", "pk": 142, "fields": {"program": 7, "course": 111, "school": 3, "grade": 1, "degree": 2}}, {"model": "school.department", "pk": 143, "fields": {"program": 7, "course": 113, "school": 3, "grade": 1, "degree": 2}}, {"model": "school.department", "pk": 144, "fields": {"program": 7, "course": 116, "school": 3, "grade": 1, "degree": 2}}, {"model": "school.department", "pk": 145, "fields": {"program": 1, "course": 15, "school": 3, "grade": 1, "degree": 2}}, {"model": "school.department", "pk": 146, "fields": {"program": 1, "course": 16, "school": 3, "grade": 1, "degree": 2}}, {"model": "school.department", "pk": 147, "fields": {"program": 1, "course": 17, "school": 3, "grade": 1, "degree": 2}}, {"model": "school.department", "pk": 148, "fields": {"program": 1, "course": 1, "school": 4, "grade": 1, "degree": 1}}, {"model": "school.department", "pk": 149, "fields": {"program": 1, "course": 10, "school": 4, "grade": 1, "degree": 1}}, {"model": "school.department", "pk": 150, "fields": {"program": 1, "course": 18, "school": 4, "grade": 1, "degree": 1}}, {"model": "school.department", "pk": 151, "fields": {"program": 1, "course": 17, "school": 4, "grade": 1, "degree": 1}}, {"model": "school.department", "pk": 152, "fields": {"program": 1, "course": 11, "school": 4, "grade": 1, "degree": 1}}, {"model": "school.department", "pk": 153, "fields": {"program": 1, "course": 8, "school": 4, "grade": 1, "degree": 1}}, {"model": "school.department", "pk": 154, "fields": {"program": 1, "course": 30, "school": 4, "grade": 1, "degree": 1}}, {"model": "school.department", "pk": 155, "fields": {"program": 9, "course": 190, "school": 4, "grade": 1, "degree": 1}}, {"model": "school.department", "pk": 156, "fields": {"program": 9, "course": 188, "school": 4, "grade": 2, "degree": 1}}, {"model": "school.department", "pk": 157, "fields": {"program": 9, "course": 184, "school": 4, "grade": 2, "degree": 1}}, {"model": "school.department", "pk": 158, "fields": {"program": 9, "course": 183, "school": 4, "grade": 2, "degree": 1}}, {"model": "school.department", "pk": 159, "fields": {"program": 9, "course": 183, "school": 4, "grade": 8, "degree": 11}}, {"model": "school.department", "pk": 160, "fields": {"program": 9, "course": 182, "school": 4, "grade": 8, "degree": 11}}, {"model": "school.department", "pk": 161, "fields": {"program": 9, "course": 179, "school": 4, "grade": 8, "degree": 11}}, {"model": "school.department", "pk": 162, "fields": {"program": 9, "course": 176, "school": 4, "grade": 6, "degree": 11}}, {"model": "school.department", "pk": 163, "fields": {"program": 9, "course": 178, "school": 4, "grade": 6, "degree": 11}}, {"model": "school.department", "pk": 164, "fields": {"program": 9, "course": 180, "school": 4, "grade": 6, "degree": 11}}, {"model": "school.department", "pk": 165, "fields": {"program": 9, "course": 186, "school": 4, "grade": 6, "degree": 11}}, {"model": "school.department", "pk": 166, "fields": {"program": 8, "course": 176, "school": 4, "grade": 6, "degree": 11}}, {"model": "school.department", "pk": 167, "fields": {"program": 8, "course": 175, "school": 4, "grade": 6, "degree": 11}}, {"model": "school.department", "pk": 168, "fields": {"program": 8, "course": 171, "school": 4, "grade": 6, "degree": 10}}, {"model": "school.department", "pk": 169, "fields": {"program": 8, "course": 171, "school": 4, "grade": 2, "degree": 7}}, {"model": "school.department", "pk": 170, "fields": {"program": 8, "course": 170, "school": 4, "grade": 2, "degree": 7}}, {"model": "school.department", "pk": 171, "fields": {"program": 8, "course": 168, "school": 4, "grade": 2, "degree": 7}}, {"model": "school.department", "pk": 172, "fields": {"program": 8, "course": 166, "school": 4, "grade": 2, "degree": 7}}, {"model": "school.department", "pk": 173, "fields": {"program": 8, "course": 164, "school": 4, "grade": 2, "degree": 7}}, {"model": "school.department", "pk": 174, "fields": {"program": 8, "course": 160, "school": 4, "grade": 2, "degree": 7}}, {"model": "school.department", "pk": 175, "fields": {"program": 8, "course": 161, "school": 4, "grade": 2, "degree": 7}}, {"model": "school.department", "pk": 176, "fields": {"program": 8, "course": 159, "school": 4, "grade": 2, "degree": 7}}, {"model": "school.department", "pk": 177, "fields": {"program": 16, "course": 281, "school": 4, "grade": 2, "degree": 7}}, {"model": "school.department", "pk": 178, "fields": {"program": 16, "course": 278, "school": 4, "grade": 2, "degree": 7}}, {"model": "school.department", "pk": 179, "fields": {"program": 16, "course": 273, "school": 4, "grade": 2, "degree": 7}}, {"model": "school.department", "pk": 180, "fields": {"program": 16, "course": 272, "school": 4, "grade": 2, "degree": 7}}, {"model": "school.department", "pk": 181, "fields": {"program": 16, "course": 270, "school": 4, "grade": 3, "degree": 7}}, {"model": "school.department", "pk": 182, "fields": {"program": 16, "course": 271, "school": 4, "grade": 3, "degree": 7}}, {"model": "school.department", "pk": 183, "fields": {"program": 16, "course": 267, "school": 4, "grade": 3, "degree": 7}}, {"model": "school.department", "pk": 184, "fields": {"program": 16, "course": 268, "school": 4, "grade": 3, "degree": 7}}, {"model": "school.department", "pk": 185, "fields": {"program": 16, "course": 265, "school": 4, "grade": 3, "degree": 7}}, {"model": "school.department", "pk": 186, "fields": {"program": 4, "course": 63, "school": 4, "grade": 2, "degree": 2}}, {"model": "school.department", "pk": 187, "fields": {"program": 4, "course": 55, "school": 4, "grade": 2, "degree": 2}}, {"model": "school.department", "pk": 188, "fields": {"program": 4, "course": 60, "school": 4, "grade": 2, "degree": 2}}, {"model": "school.department", "pk": 189, "fields": {"program": 4, "course": 64, "school": 4, "grade": 2, "degree": 2}}, {"model": "school.department", "pk": 190, "fields": {"program": 4, "course": 65, "school": 4, "grade": 2, "degree": 2}}, {"model": "school.department", "pk": 191, "fields": {"program": 4, "course": 62, "school": 4, "grade": 2, "degree": 1}}, {"model": "school.department", "pk": 192, "fields": {"program": 4, "course": 68, "school": 4, "grade": 2, "degree": 1}}, {"model": "school.department", "pk": 193, "fields": {"program": 4, "course": 66, "school": 4, "grade": 2, "degree": 1}}, {"model": "school.department", "pk": 194, "fields": {"program": 4, "course": 72, "school": 4, "grade": 2, "degree": 1}}, {"model": "school.department", "pk": 195, "fields": {"program": 4, "course": 74, "school": 4, "grade": 2, "degree": 1}}, {"model": "school.department", "pk": 196, "fields": {"program": 4, "course": 73, "school": 4, "grade": 6, "degree": 10}}, {"model": "school.department", "pk": 197, "fields": {"program": 4, "course": 71, "school": 4, "grade": 6, "degree": 10}}, {"model": "school.department", "pk": 198, "fields": {"program": 4, "course": 69, "school": 4, "grade": 6, "degree": 10}}, {"model": "school.department", "pk": 199, "fields": {"program": 4, "course": 61, "school": 4, "grade": 6, "degree": 10}}, {"model": "school.department", "pk": 200, "fields": {"program": 4, "course": 59, "school": 4, "grade": 6, "degree": 10}}, {"model": "school.department", "pk": 201, "fields": {"program": 4, "course": 54, "school": 4, "grade": 6, "degree": 10}}, {"model": "school.department", "pk": 202, "fields": {"program": 4, "course": 53, "school": 4, "grade": 6, "degree": 10}}, {"model": "school.department", "pk": 203, "fields": {"program": 4, "course": 52, "school": 4, "grade": 6, "degree": 10}}, {"model": "school.department", "pk": 204, "fields": {"program": 4, "course": 63, "school": 4, "grade": 2, "degree": 8}}, {"model": "school.department", "pk": 205, "fields": {"program": 4, "course": 68, "school": 4, "grade": 2, "degree": 8}}, {"model": "school.department", "pk": 206, "fields": {"program": 5, "course": 92, "school": 4, "grade": 2, "degree": 8}}, {"model": "school.department", "pk": 207, "fields": {"program": 5, "course": 93, "school": 4, "grade": 2, "degree": 8}}, {"model": "school.department", "pk": 208, "fields": {"program": 5, "course": 91, "school": 4, "grade": 2, "degree": 8}}, {"model": "school.department", "pk": 209, "fields": {"program": 5, "course": 89, "school": 4, "grade": 2, "degree": 8}}, {"model": "school.department", "pk": 210, "fields": {"program": 5, "course": 88, "school": 4, "grade": 2, "degree": 8}}, {"model": "school.department", "pk": 211, "fields": {"program": 5, "course": 86, "school": 4, "grade": 2, "degree": 8}}, {"model": "school.department", "pk": 212, "fields": {"program": 5, "course": 84, "school": 4, "grade": 2, "degree": 6}}, {"model": "school.department", "pk": 213, "fields": {"program": 5, "course": 83, "school": 4, "grade": 2, "degree": 6}}, {"model": "school.department", "pk": 214, "fields": {"program": 5, "course": 82, "school": 4, "grade": 2, "degree": 6}}, {"model": "school.department", "pk": 215, "fields": {"program": 5, "course": 81, "school": 4, "grade": 2, "degree": 6}}, {"model": "school.department", "pk": 216, "fields": {"program": 5, "course": 80, "school": 4, "grade": 2, "degree": 6}}, {"model": "school.department", "pk": 217, "fields": {"program": 5, "course": 79, "school": 5, "grade": 2, "degree": 2}}, {"model": "school.department", "pk": 218, "fields": {"program": 5, "course": 78, "school": 5, "grade": 2, "degree": 1}}, {"model": "school.department", "pk": 219, "fields": {"program": 5, "course": 77, "school": 5, "grade": 6, "degree": 10}}, {"model": "school.department", "pk": 220, "fields": {"program": 4, "course": 76, "school": 5, "grade": 7, "degree": 11}}, {"model": "school.department", "pk": 221, "fields": {"program": 4, "course": 75, "school": 5, "grade": 7, "degree": 11}}, {"model": "school.department", "pk": 222, "fields": {"program": 4, "course": 71, "school": 5, "grade": 7, "degree": 11}}, {"model": "school.department", "pk": 223, "fields": {"program": 4, "course": 67, "school": 5, "grade": 7, "degree": 11}}, {"model": "school.department", "pk": 224, "fields": {"program": 4, "course": 68, "school": 5, "grade": 7, "degree": 11}}, {"model": "school.department", "pk": 225, "fields": {"program": 4, "course": 59, "school": 5, "grade": 7, "degree": 11}}, {"model": "school.department", "pk": 226, "fields": {"program": 4, "course": 57, "school": 5, "grade": 7, "degree": 11}}, {"model": "school.department", "pk": 227, "fields": {"program": 14, "course": 255, "school": 5, "grade": 7, "degree": 11}}, {"model": "school.department", "pk": 228, "fields": {"program": 14, "course": 254, "school": 5, "grade": 7, "degree": 11}}, {"model": "school.department", "pk": 229, "fields": {"program": 14, "course": 256, "school": 5, "grade": 7, "degree": 11}}, {"model": "school.department", "pk": 230, "fields": {"program": 14, "course": 253, "school": 5, "grade": 7, "degree": 11}}, {"model": "school.department", "pk": 231, "fields": {"program": 14, "course": 250, "school": 5, "grade": 7, "degree": 11}}, {"model": "school.department", "pk": 232, "fields": {"program": 14, "course": 249, "school": 5, "grade": 3, "degree": 1}}, {"model": "school.department", "pk": 233, "fields": {"program": 14, "course": 248, "school": 5, "grade": 2, "degree": 7}}, {"model": "school.department", "pk": 234, "fields": {"program": 14, "course": 254, "school": 5, "grade": 2, "degree": 7}}, {"model": "school.department", "pk": 235, "fields": {"program": 14, "course": 255, "school": 5, "grade": 2, "degree": 7}}, {"model": "school.department", "pk": 236, "fields": {"program": 14, "course": 251, "school": 5, "grade": 2, "degree": 7}}, {"model": "school.department", "pk": 237, "fields": {"program": 14, "course": 258, "school": 5, "grade": 2, "degree": 7}}, {"model": "school.department", "pk": 238, "fields": {"program": 14, "course": 259, "school": 5, "grade": 2, "degree": 7}}, {"model": "school.department", "pk": 239, "fields": {"program": 14, "course": 257, "school": 5, "grade": 2, "degree": 7}}, {"model": "school.department", "pk": 240, "fields": {"program": 6, "course": 101, "school": 5, "grade": 2, "degree": 7}}, {"model": "school.department", "pk": 241, "fields": {"program": 6, "course": 102, "school": 5, "grade": 2, "degree": 7}}, {"model": "school.department", "pk": 242, "fields": {"program": 6, "course": 100, "school": 5, "grade": 2, "degree": 7}}, {"model": "school.department", "pk": 243, "fields": {"program": 6, "course": 99, "school": 5, "grade": 2, "degree": 7}}, {"model": "school.department", "pk": 244, "fields": {"program": 6, "course": 98, "school": 5, "grade": 2, "degree": 9}}, {"model": "school.department", "pk": 245, "fields": {"program": 6, "course": 97, "school": 5, "grade": 2, "degree": 9}}, {"model": "school.department", "pk": 246, "fields": {"program": 6, "course": 108, "school": 5, "grade": 2, "degree": 9}}, {"model": "school.department", "pk": 247, "fields": {"program": 6, "course": 107, "school": 5, "grade": 2, "degree": 9}}, {"model": "school.department", "pk": 248, "fields": {"program": 6, "course": 106, "school": 5, "grade": 2, "degree": 9}}, {"model": "school.department", "pk": 249, "fields": {"program": 6, "course": 103, "school": 5, "grade": 2, "degree": 9}}, {"model": "school.department", "pk": 250, "fields": {"program": 6, "course": 99, "school": 5, "grade": 2, "degree": 9}}, {"model": "school.department", "pk": 251, "fields": {"program": 6, "course": 104, "school": 5, "grade": 2, "degree": 9}}, {"model": "school.department", "pk": 252, "fields": {"program": 15, "course": 138, "school": 5, "grade": 2, "degree": 9}}, {"model": "school.department", "pk": 253, "fields": {"program": 15, "course": 137, "school": 5, "grade": 2, "degree": 1}}, {"model": "school.department", "pk": 254, "fields": {"program": 15, "course": 134, "school": 5, "grade": 6, "degree": 10}}, {"model": "school.department", "pk": 255, "fields": {"program": 15, "course": 133, "school": 5, "grade": 6, "degree": 10}}, {"model": "school.department", "pk": 256, "fields": {"program": 15, "course": 132, "school": 5, "grade": 6, "degree": 10}}, {"model": "school.department", "pk": 257, "fields": {"program": 15, "course": 131, "school": 5, "grade": 2, "degree": 10}}, {"model": "school.department", "pk": 258, "fields": {"program": 15, "course": 129, "school": 5, "grade": 2, "degree": 10}}, {"model": "school.department", "pk": 259, "fields": {"program": 15, "course": 129, "school": 5, "grade": 2, "degree": 1}}, {"model": "school.department", "pk": 260, "fields": {"program": 15, "course": 126, "school": 5, "grade": 2, "degree": 1}}, {"model": "school.department", "pk": 261, "fields": {"program": 15, "course": 125, "school": 5, "grade": 2, "degree": 1}}, {"model": "school.department", "pk": 262, "fields": {"program": 15, "course": 122, "school": 5, "grade": 2, "degree": 1}}, {"model": "school.department", "pk": 263, "fields": {"program": 15, "course": 121, "school": 5, "grade": 2, "degree": 8}}, {"model": "school.department", "pk": 264, "fields": {"program": 15, "course": 120, "school": 5, "grade": 2, "degree": 8}}, {"model": "school.department", "pk": 265, "fields": {"program": 15, "course": 119, "school": 5, "grade": 2, "degree": 8}}, {"model": "school.department", "pk": 266, "fields": {"program": 3, "course": 280, "school": 5, "grade": 2, "degree": 8}}, {"model": "school.department", "pk": 267, "fields": {"program": 3, "course": 32, "school": 5, "grade": 2, "degree": 1}}, {"model": "school.department", "pk": 268, "fields": {"program": 3, "course": 33, "school": 5, "grade": 2, "degree": 2}}, {"model": "school.department", "pk": 269, "fields": {"program": 3, "course": 35, "school": 5, "grade": 2, "degree": 1}}, {"model": "school.department", "pk": 270, "fields": {"program": 3, "course": 40, "school": 5, "grade": 2, "degree": 1}}, {"model": "school.department", "pk": 271, "fields": {"program": 3, "course": 40, "school": 5, "grade": 2, "degree": 1}}, {"model": "school.department", "pk": 272, "fields": {"program": 3, "course": 43, "school": 5, "grade": 2, "degree": 1}}, {"model": "school.department", "pk": 273, "fields": {"program": 3, "course": 42, "school": 5, "grade": 2, "degree": 1}}, {"model": "school.department", "pk": 274, "fields": {"program": 2, "course": 29, "school": 5, "grade": 2, "degree": 1}}, {"model": "school.department", "pk": 275, "fields": {"program": 2, "course": 28, "school": 5, "grade": 6, "degree": 10}}, {"model": "school.department", "pk": 276, "fields": {"program": 2, "course": 26, "school": 5, "grade": 6, "degree": 10}}, {"model": "school.department", "pk": 277, "fields": {"program": 2, "course": 23, "school": 5, "grade": 6, "degree": 10}}, {"model": "school.department", "pk": 278, "fields": {"program": 2, "course": 28, "school": 5, "grade": 6, "degree": 10}}, {"model": "school.department", "pk": 279, "fields": {"program": 2, "course": 27, "school": 5, "grade": 6, "degree": 10}}, {"model": "school.department", "pk": 280, "fields": {"program": 2, "course": 29, "school": 5, "grade": 8, "degree": 11}}, {"model": "school.department", "pk": 281, "fields": {"program": 11, "course": 209, "school": 5, "grade": 8, "degree": 11}}, {"model": "school.department", "pk": 282, "fields": {"program": 11, "course": 208, "school": 5, "grade": 8, "degree": 11}}, {"model": "school.department", "pk": 283, "fields": {"program": 11, "course": 210, "school": 5, "grade": 8, "degree": 11}}, {"model": "school.department", "pk": 284, "fields": {"program": 11, "course": 197, "school": 5, "grade": 8, "degree": 11}}, {"model": "school.department", "pk": 285, "fields": {"program": 11, "course": 198, "school": 5, "grade": 2, "degree": 1}}, {"model": "school.department", "pk": 286, "fields": {"program": 11, "course": 206, "school": 5, "grade": 2, "degree": 1}}, {"model": "school.department", "pk": 287, "fields": {"program": 11, "course": 205, "school": 5, "grade": 2, "degree": 1}}, {"model": "school.department", "pk": 288, "fields": {"program": 11, "course": 213, "school": 5, "grade": 2, "degree": 1}}, {"model": "school.department", "pk": 289, "fields": {"program": 11, "course": 212, "school": 5, "grade": 2, "degree": 1}}, {"model": "school.department", "pk": 290, "fields": {"program": 11, "course": 211, "school": 5, "grade": 2, "degree": 1}}, {"model": "school.department", "pk": 291, "fields": {"program": 11, "course": 208, "school": 5, "grade": 2, "degree": 1}}, {"model": "school.department", "pk": 292, "fields": {"program": 2, "course": 29, "school": 5, "grade": 6, "degree": 10}}, {"model": "school.department", "pk": 293, "fields": {"program": 2, "course": 28, "school": 5, "grade": 6, "degree": 10}}, {"model": "school.department", "pk": 294, "fields": {"program": 2, "course": 27, "school": 5, "grade": 6, "degree": 10}}, {"model": "school.department", "pk": 295, "fields": {"program": 2, "course": 26, "school": 5, "grade": 8, "degree": 11}}, {"model": "school.department", "pk": 296, "fields": {"program": 2, "course": 25, "school": 5, "grade": 2, "degree": 8}}, {"model": "school.department", "pk": 297, "fields": {"program": 2, "course": 24, "school": 5, "grade": 2, "degree": 8}}, {"model": "school.department", "pk": 298, "fields": {"program": 2, "course": 23, "school": 5, "grade": 2, "degree": 8}}, {"model": "school.department", "pk": 299, "fields": {"program": 2, "course": 22, "school": 5, "grade": 2, "degree": 8}}, {"model": "school.department", "pk": 300, "fields": {"program": 2, "course": 21, "school": 5, "grade": 2, "degree": 8}}, {"model": "school.department", "pk": 301, "fields": {"program": 1, "course": 20, "school": 5, "grade": 2, "degree": 8}}, {"model": "school.department", "pk": 302, "fields": {"program": 1, "course": 30, "school": 5, "grade": 2, "degree": 8}}, {"model": "school.department", "pk": 303, "fields": {"program": 1, "course": 17, "school": 5, "grade": 2, "degree": 1}}, {"model": "school.department", "pk": 304, "fields": {"program": 1, "course": 16, "school": 5, "grade": 2, "degree": 1}}, {"model": "school.department", "pk": 305, "fields": {"program": 1, "course": 15, "school": 5, "grade": 2, "degree": 1}}, {"model": "school.department", "pk": 306, "fields": {"program": 1, "course": 14, "school": 5, "grade": 2, "degree": 1}}, {"model": "school.department", "pk": 307, "fields": {"program": 1, "course": 9, "school": 5, "grade": 2, "degree": 1}}, {"model": "school.department", "pk": 308, "fields": {"program": 1, "course": 8, "school": 5, "grade": 2, "degree": 8}}, {"model": "school.department", "pk": 309, "fields": {"program": 1, "course": 9, "school": 5, "grade": 2, "degree": 8}}, {"model": "school.department", "pk": 310, "fields": {"program": 1, "course": 4, "school": 5, "grade": 2, "degree": 8}}, {"model": "school.department", "pk": 311, "fields": {"program": 1, "course": 1, "school": 5, "grade": 2, "degree": 8}}, {"model": "school.department", "pk": 312, "fields": {"program": 1, "course": 2, "school": 5, "grade": 2, "degree": 8}}, {"model": "school.department", "pk": 313, "fields": {"program": 1, "course": 2, "school": 6, "grade": 2, "degree": 8}}, {"model": "school.department", "pk": 314, "fields": {"program": 1, "course": 3, "school": 6, "grade": 2, "degree": 8}}, {"model": "school.department", "pk": 315, "fields": {"program": 1, "course": 4, "school": 6, "grade": 2, "degree": 8}}, {"model": "school.department", "pk": 316, "fields": {"program": 1, "course": 6, "school": 6, "grade": 2, "degree": 8}}, {"model": "school.department", "pk": 317, "fields": {"program": 1, "course": 9, "school": 6, "grade": 2, "degree": 1}}, {"model": "school.department", "pk": 318, "fields": {"program": 1, "course": 12, "school": 6, "grade": 2, "degree": 1}}, {"model": "school.department", "pk": 319, "fields": {"program": 1, "course": 15, "school": 6, "grade": 2, "degree": 1}}, {"model": "school.department", "pk": 320, "fields": {"program": 1, "course": 16, "school": 6, "grade": 2, "degree": 1}}, {"model": "school.department", "pk": 321, "fields": {"program": 1, "course": 1, "school": 6, "grade": 2, "degree": 1}}, {"model": "school.department", "pk": 322, "fields": {"program": 12, "course": 231, "school": 6, "grade": 2, "degree": 1}}, {"model": "school.department", "pk": 323, "fields": {"program": 12, "course": 230, "school": 6, "grade": 2, "degree": 1}}, {"model": "school.department", "pk": 324, "fields": {"program": 12, "course": 225, "school": 6, "grade": 2, "degree": 1}}, {"model": "school.department", "pk": 325, "fields": {"program": 12, "course": 217, "school": 6, "grade": 2, "degree": 1}}, {"model": "school.department", "pk": 326, "fields": {"program": 12, "course": 216, "school": 6, "grade": 6, "degree": 10}}, {"model": "school.department", "pk": 327, "fields": {"program": 12, "course": 215, "school": 6, "grade": 6, "degree": 10}}, {"model": "school.department", "pk": 328, "fields": {"program": 12, "course": 218, "school": 6, "grade": 6, "degree": 10}}, {"model": "school.department", "pk": 329, "fields": {"program": 12, "course": 228, "school": 6, "grade": 6, "degree": 10}}, {"model": "school.department", "pk": 330, "fields": {"program": 12, "course": 227, "school": 6, "grade": 6, "degree": 10}}, {"model": "school.department", "pk": 331, "fields": {"program": 12, "course": 229, "school": 6, "grade": 6, "degree": 10}}, {"model": "school.department", "pk": 332, "fields": {"program": 12, "course": 221, "school": 6, "grade": 6, "degree": 10}}, {"model": "school.department", "pk": 333, "fields": {"program": 12, "course": 217, "school": 6, "grade": 6, "degree": 10}}, {"model": "school.department", "pk": 334, "fields": {"program": 13, "course": 246, "school": 6, "grade": 6, "degree": 10}}, {"model": "school.department", "pk": 335, "fields": {"program": 13, "course": 247, "school": 6, "grade": 2, "degree": 1}}, {"model": "school.department", "pk": 336, "fields": {"program": 13, "course": 241, "school": 6, "grade": 2, "degree": 1}}, {"model": "school.department", "pk": 337, "fields": {"program": 13, "course": 236, "school": 6, "grade": 2, "degree": 1}}, {"model": "school.department", "pk": 338, "fields": {"program": 13, "course": 232, "school": 6, "grade": 2, "degree": 1}}, {"model": "school.department", "pk": 339, "fields": {"program": 13, "course": 245, "school": 6, "grade": 8, "degree": 11}}, {"model": "school.department", "pk": 340, "fields": {"program": 13, "course": 244, "school": 6, "grade": 8, "degree": 11}}, {"model": "school.department", "pk": 341, "fields": {"program": 13, "course": 243, "school": 6, "grade": 8, "degree": 11}}, {"model": "school.department", "pk": 342, "fields": {"program": 13, "course": 242, "school": 6, "grade": 8, "degree": 11}}, {"model": "school.department", "pk": 343, "fields": {"program": 13, "course": 239, "school": 6, "grade": 8, "degree": 11}}, {"model": "school.department", "pk": 344, "fields": {"program": 13, "course": 238, "school": 6, "grade": 8, "degree": 11}}, {"model": "school.department", "pk": 345, "fields": {"program": 13, "course": 235, "school": 6, "grade": 8, "degree": 11}}, {"model": "school.department", "pk": 346, "fields": {"program": 13, "course": 234, "school": 6, "grade": 8, "degree": 11}}, {"model": "school.department", "pk": 347, "fields": {"program": 11, "course": 197, "school": 6, "grade": 8, "degree": 11}}, {"model": "school.department", "pk": 348, "fields": {"program": 11, "course": 198, "school": 6, "grade": 2, "degree": 1}}, {"model": "school.department", "pk": 349, "fields": {"program": 11, "course": 201, "school": 6, "grade": 2, "degree": 1}}, {"model": "school.department", "pk": 350, "fields": {"program": 11, "course": 199, "school": 6, "grade": 2, "degree": 1}}, {"model": "school.department", "pk": 351, "fields": {"program": 11, "course": 200, "school": 6, "grade": 2, "degree": 1}}, {"model": "school.department", "pk": 352, "fields": {"program": 11, "course": 211, "school": 6, "grade": 2, "degree": 9}}, {"model": "school.department", "pk": 353, "fields": {"program": 11, "course": 210, "school": 6, "grade": 2, "degree": 9}}, {"model": "school.department", "pk": 354, "fields": {"program": 11, "course": 209, "school": 6, "grade": 2, "degree": 9}}, {"model": "school.department", "pk": 355, "fields": {"program": 11, "course": 208, "school": 6, "grade": 2, "degree": 9}}, {"model": "school.department", "pk": 356, "fields": {"program": 11, "course": 206, "school": 6, "grade": 2, "degree": 9}}, {"model": "school.department", "pk": 357, "fields": {"program": 11, "course": 204, "school": 6, "grade": 2, "degree": 9}}, {"model": "school.department", "pk": 358, "fields": {"program": 11, "course": 202, "school": 6, "grade": 2, "degree": 9}}, {"model": "school.department", "pk": 359, "fields": {"program": 1, "course": 10, "school": 6, "grade": 2, "degree": 9}}, {"model": "school.department", "pk": 360, "fields": {"program": 1, "course": 13, "school": 6, "grade": 2, "degree": 9}}, {"model": "school.department", "pk": 361, "fields": {"program": 1, "course": 9, "school": 6, "grade": 2, "degree": 9}}, {"model": "school.department", "pk": 362, "fields": {"program": 1, "course": 3, "school": 6, "grade": 2, "degree": 9}}, {"model": "school.department", "pk": 363, "fields": {"program": 1, "course": 8, "school": 6, "grade": 2, "degree": 9}}, {"model": "school.department", "pk": 364, "fields": {"program": 1, "course": 6, "school": 6, "grade": 8, "degree": 11}}, {"model": "school.department", "pk": 365, "fields": {"program": 1, "course": 16, "school": 6, "grade": 8, "degree": 11}}, {"model": "school.department", "pk": 366, "fields": {"program": 1, "course": 12, "school": 6, "grade": 8, "degree": 11}}, {"model": "school.department", "pk": 367, "fields": {"program": 1, "course": 7, "school": 6, "grade": 8, "degree": 11}}, {"model": "school.department", "pk": 368, "fields": {"program": 1, "course": 4, "school": 6, "grade": 8, "degree": 11}}, {"model": "school.department", "pk": 369, "fields": {"program": 1, "course": 1, "school": 6, "grade": 2, "degree": 1}}, {"model": "school.department", "pk": 370, "fields": {"program": 1, "course": 5, "school": 6, "grade": 2, "degree": 1}}, {"model": "school.department", "pk": 371, "fields": {"program": 1, "course": 17, "school": 6, "grade": 2, "degree": 1}}, {"model": "school.department", "pk": 372, "fields": {"program": 1, "course": 16, "school": 6, "grade": 2, "degree": 1}}, {"model": "school.department", "pk": 373, "fields": {"program": 1, "course": 19, "school": 6, "grade": 2, "degree": 1}}, {"model": "school.department", "pk": 374, "fields": {"program": 1, "course": 11, "school": 6, "grade": 2, "degree": 2}}, {"model": "school.department", "pk": 375, "fields": {"program": 1, "course": 9, "school": 6, "grade": 2, "degree": 2}}, {"model": "school.department", "pk": 376, "fields": {"program": 1, "course": 18, "school": 6, "grade": 2, "degree": 2}}, {"model": "school.department", "pk": 377, "fields": {"program": 1, "course": 30, "school": 6, "grade": 2, "degree": 2}}, {"model": "school.department", "pk": 378, "fields": {"program": 1, "course": 5, "school": 6, "grade": 2, "degree": 2}}, {"model": "school.department", "pk": 379, "fields": {"program": 8, "course": 170, "school": 6, "grade": 6, "degree": 10}}, {"model": "school.department", "pk": 380, "fields": {"program": 8, "course": 169, "school": 6, "grade": 6, "degree": 10}}, {"model": "school.department", "pk": 381, "fields": {"program": 8, "course": 168, "school": 6, "grade": 6, "degree": 10}}, {"model": "school.department", "pk": 382, "fields": {"program": 8, "course": 160, "school": 6, "grade": 6, "degree": 10}}, {"model": "school.department", "pk": 383, "fields": {"program": 8, "course": 159, "school": 6, "grade": 6, "degree": 10}}, {"model": "school.department", "pk": 384, "fields": {"program": 8, "course": 173, "school": 6, "grade": 6, "degree": 10}}, {"model": "school.department", "pk": 385, "fields": {"program": 8, "course": 174, "school": 6, "grade": 6, "degree": 10}}, {"model": "school.department", "pk": 386, "fields": {"program": 8, "course": 175, "school": 6, "grade": 6, "degree": 10}}, {"model": "school.department", "pk": 387, "fields": {"program": 8, "course": 172, "school": 6, "grade": 2, "degree": 7}}, {"model": "school.department", "pk": 388, "fields": {"program": 8, "course": 165, "school": 6, "grade": 2, "degree": 7}}, {"model": "school.department", "pk": 389, "fields": {"program": 8, "course": 164, "school": 6, "grade": 2, "degree": 7}}, {"model": "school.department", "pk": 390, "fields": {"program": 8, "course": 163, "school": 6, "grade": 2, "degree": 7}}, {"model": "school.department", "pk": 391, "fields": {"program": 8, "course": 162, "school": 6, "grade": 2, "degree": 7}}, {"model": "school.department", "pk": 392, "fields": {"program": 8, "course": 161, "school": 6, "grade": 2, "degree": 7}}, {"model": "school.department", "pk": 393, "fields": {"program": 8, "course": 159, "school": 6, "grade": 2, "degree": 7}}, {"model": "school.department", "pk": 394, "fields": {"program": 3, "course": 51, "school": 6, "grade": 2, "degree": 7}}, {"model": "school.department", "pk": 395, "fields": {"program": 3, "course": 50, "school": 6, "grade": 2, "degree": 7}}, {"model": "school.department", "pk": 396, "fields": {"program": 3, "course": 49, "school": 6, "grade": 2, "degree": 8}}, {"model": "school.department", "pk": 397, "fields": {"program": 3, "course": 48, "school": 6, "grade": 2, "degree": 8}}, {"model": "school.department", "pk": 398, "fields": {"program": 3, "course": 46, "school": 6, "grade": 8, "degree": 11}}, {"model": "school.department", "pk": 399, "fields": {"program": 3, "course": 47, "school": 6, "grade": 8, "degree": 11}}, {"model": "school.department", "pk": 400, "fields": {"program": 3, "course": 45, "school": 6, "grade": 8, "degree": 11}}, {"model": "school.department", "pk": 401, "fields": {"program": 3, "course": 41, "school": 6, "grade": 8, "degree": 11}}, {"model": "school.department", "pk": 402, "fields": {"program": 3, "course": 39, "school": 6, "grade": 8, "degree": 11}}, {"model": "school.department", "pk": 403, "fields": {"program": 3, "course": 40, "school": 6, "grade": 8, "degree": 11}}, {"model": "school.department", "pk": 404, "fields": {"program": 3, "course": 38, "school": 6, "grade": 8, "degree": 11}}, {"model": "school.department", "pk": 405, "fields": {"program": 3, "course": 32, "school": 6, "grade": 2, "degree": 1}}, {"model": "school.department", "pk": 406, "fields": {"program": 3, "course": 33, "school": 6, "grade": 2, "degree": 1}}, {"model": "school.department", "pk": 407, "fields": {"program": 3, "course": 43, "school": 6, "grade": 2, "degree": 1}}, {"model": "school.department", "pk": 408, "fields": {"program": 3, "course": 42, "school": 6, "grade": 2, "degree": 1}}, {"model": "school.department", "pk": 409, "fields": {"program": 3, "course": 44, "school": 6, "grade": 2, "degree": 1}}, {"model": "school.department", "pk": 410, "fields": {"program": 3, "course": 46, "school": 6, "grade": 2, "degree": 1}}, {"model": "school.department", "pk": 411, "fields": {"program": 4, "course": 70, "school": 6, "grade": 2, "degree": 1}}, {"model": "school.department", "pk": 412, "fields": {"program": 4, "course": 66, "school": 6, "grade": 2, "degree": 1}}, {"model": "school.department", "pk": 413, "fields": {"program": 4, "course": 62, "school": 6, "grade": 2, "degree": 1}}, {"model": "school.department", "pk": 414, "fields": {"program": 4, "course": 75, "school": 6, "grade": 2, "degree": 1}}, {"model": "school.department", "pk": 415, "fields": {"program": 4, "course": 73, "school": 6, "grade": 6, "degree": 10}}, {"model": "school.department", "pk": 416, "fields": {"program": 4, "course": 72, "school": 6, "grade": 2, "degree": 1}}, {"model": "school.department", "pk": 417, "fields": {"program": 4, "course": 67, "school": 6, "grade": 6, "degree": 10}}, {"model": "school.department", "pk": 418, "fields": {"program": 4, "course": 61, "school": 6, "grade": 6, "degree": 10}}, {"model": "school.department", "pk": 419, "fields": {"program": 4, "course": 59, "school": 6, "grade": 6, "degree": 10}}, {"model": "school.department", "pk": 420, "fields": {"program": 4, "course": 56, "school": 6, "grade": 6, "degree": 10}}, {"model": "school.department", "pk": 421, "fields": {"program": 4, "course": 73, "school": 6, "grade": 6, "degree": 10}}, {"model": "school.department", "pk": 422, "fields": {"program": 4, "course": 71, "school": 6, "grade": 6, "degree": 10}}, {"model": "school.department", "pk": 423, "fields": {"program": 4, "course": 70, "school": 6, "grade": 2, "degree": 1}}, {"model": "school.department", "pk": 424, "fields": {"program": 4, "course": 68, "school": 6, "grade": 2, "degree": 1}}, {"model": "school.department", "pk": 425, "fields": {"program": 4, "course": 64, "school": 6, "grade": 2, "degree": 1}}, {"model": "school.department", "pk": 426, "fields": {"program": 4, "course": 62, "school": 6, "grade": 2, "degree": 1}}, {"model": "school.department", "pk": 427, "fields": {"program": 4, "course": 58, "school": 6, "grade": 2, "degree": 1}}, {"model": "school.department", "pk": 428, "fields": {"program": 15, "course": 136, "school": 6, "grade": 2, "degree": 8}}, {"model": "school.department", "pk": 429, "fields": {"program": 15, "course": 135, "school": 6, "grade": 2, "degree": 8}}, {"model": "school.department", "pk": 430, "fields": {"program": 15, "course": 134, "school": 6, "grade": 2, "degree": 8}}, {"model": "school.department", "pk": 431, "fields": {"program": 15, "course": 133, "school": 6, "grade": 2, "degree": 8}}, {"model": "school.department", "pk": 432, "fields": {"program": 15, "course": 131, "school": 6, "grade": 2, "degree": 8}}, {"model": "school.department", "pk": 433, "fields": {"program": 15, "course": 130, "school": 6, "grade": 2, "degree": 8}}, {"model": "school.department", "pk": 434, "fields": {"program": 15, "course": 129, "school": 6, "grade": 2, "degree": 8}}, {"model": "school.department", "pk": 435, "fields": {"program": 15, "course": 128, "school": 6, "grade": 2, "degree": 8}}, {"model": "school.department", "pk": 436, "fields": {"program": 15, "course": 127, "school": 6, "grade": 2, "degree": 8}}, {"model": "school.department", "pk": 437, "fields": {"program": 15, "course": 122, "school": 6, "grade": 2, "degree": 1}}, {"model": "school.department", "pk": 438, "fields": {"program": 15, "course": 119, "school": 6, "grade": 2, "degree": 1}}, {"model": "school.department", "pk": 439, "fields": {"program": 7, "course": 118, "school": 6, "grade": 2, "degree": 1}}, {"model": "school.department", "pk": 440, "fields": {"program": 7, "course": 116, "school": 6, "grade": 2, "degree": 1}}, {"model": "school.department", "pk": 441, "fields": {"program": 7, "course": 116, "school": 7, "grade": 6, "degree": 10}}, {"model": "school.department", "pk": 442, "fields": {"program": 7, "course": 115, "school": 7, "grade": 6, "degree": 10}}, {"model": "school.department", "pk": 443, "fields": {"program": 2, "course": 21, "school": 7, "grade": 6, "degree": 10}}, {"model": "school.department", "pk": 444, "fields": {"program": 2, "course": 22, "school": 7, "grade": 6, "degree": 10}}, {"model": "school.department", "pk": 445, "fields": {"program": 2, "course": 29, "school": 7, "grade": 6, "degree": 10}}, {"model": "school.department", "pk": 446, "fields": {"program": 2, "course": 28, "school": 7, "grade": 6, "degree": 10}}, {"model": "school.department", "pk": 447, "fields": {"program": 2, "course": 27, "school": 7, "grade": 6, "degree": 10}}, {"model": "school.department", "pk": 448, "fields": {"program": 2, "course": 26, "school": 7, "grade": 6, "degree": 10}}, {"model": "school.department", "pk": 449, "fields": {"program": 2, "course": 25, "school": 7, "grade": 6, "degree": 10}}, {"model": "school.department", "pk": 450, "fields": {"program": 1, "course": 20, "school": 7, "grade": 6, "degree": 10}}, {"model": "school.department", "pk": 451, "fields": {"program": 1, "course": 19, "school": 7, "grade": 8, "degree": 11}}, {"model": "school.department", "pk": 452, "fields": {"program": 1, "course": 18, "school": 7, "grade": 8, "degree": 11}}, {"model": "school.department", "pk": 453, "fields": {"program": 1, "course": 17, "school": 7, "grade": 8, "degree": 11}}, {"model": "school.department", "pk": 454, "fields": {"program": 1, "course": 16, "school": 7, "grade": 8, "degree": 11}}, {"model": "school.department", "pk": 455, "fields": {"program": 1, "course": 16, "school": 7, "grade": 8, "degree": 11}}, {"model": "school.department", "pk": 456, "fields": {"program": 1, "course": 15, "school": 7, "grade": 8, "degree": 11}}, {"model": "school.department", "pk": 457, "fields": {"program": 1, "course": 1, "school": 7, "grade": 8, "degree": 11}}, {"model": "school.department", "pk": 458, "fields": {"program": 1, "course": 2, "school": 7, "grade": 8, "degree": 11}}, {"model": "school.department", "pk": 459, "fields": {"program": 1, "course": 3, "school": 7, "grade": 8, "degree": 11}}, {"model": "school.department", "pk": 460, "fields": {"program": 1, "course": 30, "school": 7, "grade": 8, "degree": 11}}, {"model": "school.department", "pk": 461, "fields": {"program": 1, "course": 11, "school": 7, "grade": 2, "degree": 8}}, {"model": "school.department", "pk": 462, "fields": {"program": 1, "course": 12, "school": 7, "grade": 2, "degree": 8}}, {"model": "school.department", "pk": 463, "fields": {"program": 1, "course": 13, "school": 7, "grade": 2, "degree": 8}}, {"model": "school.department", "pk": 464, "fields": {"program": 1, "course": 5, "school": 7, "grade": 2, "degree": 8}}, {"model": "school.department", "pk": 465, "fields": {"program": 1, "course": 6, "school": 7, "grade": 2, "degree": 8}}, {"model": "school.department", "pk": 466, "fields": {"program": 1, "course": 17, "school": 7, "grade": 2, "degree": 8}}, {"model": "school.department", "pk": 467, "fields": {"program": 1, "course": 16, "school": 7, "grade": 2, "degree": 8}}, {"model": "school.department", "pk": 468, "fields": {"program": 1, "course": 15, "school": 7, "grade": 2, "degree": 8}}, {"model": "school.department", "pk": 469, "fields": {"program": 1, "course": 14, "school": 7, "grade": 2, "degree": 8}}, {"model": "school.department", "pk": 470, "fields": {"program": 1, "course": 11, "school": 7, "grade": 2, "degree": 8}}, {"model": "school.department", "pk": 471, "fields": {"program": 1, "course": 9, "school": 7, "grade": 2, "degree": 8}}, {"model": "school.department", "pk": 472, "fields": {"program": 3, "course": 50, "school": 7, "grade": 2, "degree": 8}}, {"model": "school.department", "pk": 473, "fields": {"program": 3, "course": 49, "school": 7, "grade": 2, "degree": 8}}, {"model": "school.department", "pk": 474, "fields": {"program": 3, "course": 36, "school": 7, "grade": 2, "degree": 8}}, {"model": "school.department", "pk": 475, "fields": {"program": 3, "course": 47, "school": 7, "grade": 2, "degree": 8}}, {"model": "school.department", "pk": 476, "fields": {"program": 3, "course": 46, "school": 7, "grade": 2, "degree": 8}}, {"model": "school.department", "pk": 477, "fields": {"program": 3, "course": 44, "school": 7, "grade": 2, "degree": 8}}, {"model": "school.department", "pk": 478, "fields": {"program": 7, "course": 117, "school": 7, "grade": 2, "degree": 8}}, {"model": "school.department", "pk": 479, "fields": {"program": 7, "course": 116, "school": 7, "grade": 2, "degree": 8}}, {"model": "school.department", "pk": 480, "fields": {"program": 7, "course": 115, "school": 7, "grade": 2, "degree": 8}}, {"model": "school.department", "pk": 481, "fields": {"program": 7, "course": 112, "school": 7, "grade": 2, "degree": 8}}, {"model": "school.department", "pk": 482, "fields": {"program": 7, "course": 111, "school": 7, "grade": 2, "degree": 8}}, {"model": "school.department", "pk": 483, "fields": {"program": 7, "course": 110, "school": 7, "grade": 2, "degree": 8}}, {"model": "school.department", "pk": 484, "fields": {"program": 7, "course": 109, "school": 7, "grade": 2, "degree": 8}}, {"model": "school.department", "pk": 485, "fields": {"program": 10, "course": 151, "school": 7, "grade": 3, "degree": 8}}, {"model": "school.department", "pk": 486, "fields": {"program": 10, "course": 150, "school": 7, "grade": 3, "degree": 8}}, {"model": "school.department", "pk": 487, "fields": {"program": 10, "course": 149, "school": 7, "grade": 2, "degree": 8}}, {"model": "school.department", "pk": 488, "fields": {"program": 10, "course": 147, "school": 7, "grade": 3, "degree": 8}}, {"model": "school.department", "pk": 489, "fields": {"program": 10, "course": 144, "school": 7, "grade": 3, "degree": 8}}, {"model": "school.department", "pk": 490, "fields": {"program": 10, "course": 140, "school": 7, "grade": 3, "degree": 8}}, {"model": "school.department", "pk": 491, "fields": {"program": 10, "course": 155, "school": 7, "grade": 3, "degree": 8}}, {"model": "school.department", "pk": 492, "fields": {"program": 10, "course": 157, "school": 7, "grade": 3, "degree": 8}}, {"model": "school.department", "pk": 493, "fields": {"program": 12, "course": 229, "school": 7, "grade": 3, "degree": 8}}, {"model": "school.department", "pk": 494, "fields": {"program": 12, "course": 228, "school": 7, "grade": 8, "degree": 11}}, {"model": "school.department", "pk": 495, "fields": {"program": 1, "course": 1, "school": 66, "grade": 6, "degree": 10}}, {"model": "school.department", "pk": 496, "fields": {"program": 1, "course": 3, "school": 66, "grade": 6, "degree": 10}}, {"model": "school.department", "pk": 497, "fields": {"program": 1, "course": 7, "school": 66, "grade": 6, "degree": 10}}, {"model": "school.department", "pk": 498, "fields": {"program": 1, "course": 4, "school": 66, "grade": 6, "degree": 10}}, {"model": "school.department", "pk": 499, "fields": {"program": 1, "course": 11, "school": 66, "grade": 6, "degree": 10}}, {"model": "school.department", "pk": 500, "fields": {"program": 1, "course": 14, "school": 66, "grade": 6, "degree": 10}}, {"model": "school.department", "pk": 501, "fields": {"program": 1, "course": 17, "school": 66, "grade": 6, "degree": 10}}, {"model": "school.department", "pk": 502, "fields": {"program": 2, "course": 21, "school": 66, "grade": 6, "degree": 10}}, {"model": "school.department", "pk": 503, "fields": {"program": 2, "course": 26, "school": 66, "grade": 6, "degree": 10}}, {"model": "school.department", "pk": 504, "fields": {"program": 2, "course": 25, "school": 66, "grade": 6, "degree": 10}}, {"model": "school.department", "pk": 505, "fields": {"program": 2, "course": 24, "school": 66, "grade": 6, "degree": 10}}, {"model": "school.department", "pk": 506, "fields": {"program": 2, "course": 23, "school": 66, "grade": 6, "degree": 10}}, {"model": "school.department", "pk": 507, "fields": {"program": 9, "course": 190, "school": 56, "grade": 6, "degree": 10}}, {"model": "school.department", "pk": 508, "fields": {"program": 9, "course": 188, "school": 56, "grade": 6, "degree": 10}}, {"model": "school.department", "pk": 509, "fields": {"program": 9, "course": 187, "school": 56, "grade": 6, "degree": 10}}, {"model": "school.department", "pk": 510, "fields": {"program": 9, "course": 185, "school": 56, "grade": 8, "degree": 11}}, {"model": "school.department", "pk": 511, "fields": {"program": 9, "course": 184, "school": 56, "grade": 8, "degree": 11}}, {"model": "school.department", "pk": 512, "fields": {"program": 9, "course": 182, "school": 56, "grade": 8, "degree": 11}}, {"model": "school.department", "pk": 513, "fields": {"program": 9, "course": 186, "school": 56, "grade": 8, "degree": 11}}, {"model": "school.department", "pk": 514, "fields": {"program": 10, "course": 157, "school": 56, "grade": 8, "degree": 11}}, {"model": "school.department", "pk": 515, "fields": {"program": 10, "course": 157, "school": 56, "grade": 8, "degree": 11}}, {"model": "school.department", "pk": 516, "fields": {"program": 10, "course": 156, "school": 56, "grade": 8, "degree": 11}}, {"model": "school.department", "pk": 517, "fields": {"program": 10, "course": 152, "school": 56, "grade": 8, "degree": 11}}, {"model": "school.department", "pk": 518, "fields": {"program": 10, "course": 152, "school": 56, "grade": 6, "degree": 10}}, {"model": "school.department", "pk": 519, "fields": {"program": 10, "course": 149, "school": 56, "grade": 6, "degree": 10}}, {"model": "school.department", "pk": 520, "fields": {"program": 10, "course": 147, "school": 56, "grade": 6, "degree": 10}}, {"model": "school.department", "pk": 521, "fields": {"program": 5, "course": 94, "school": 80, "grade": 6, "degree": 10}}, {"model": "school.department", "pk": 522, "fields": {"program": 5, "course": 93, "school": 80, "grade": 6, "degree": 10}}, {"model": "school.department", "pk": 523, "fields": {"program": 5, "course": 91, "school": 80, "grade": 6, "degree": 10}}, {"model": "school.department", "pk": 524, "fields": {"program": 5, "course": 89, "school": 80, "grade": 6, "degree": 10}}, {"model": "school.department", "pk": 525, "fields": {"program": 5, "course": 86, "school": 80, "grade": 6, "degree": 10}}, {"model": "school.department", "pk": 526, "fields": {"program": 5, "course": 84, "school": 80, "grade": 8, "degree": 11}}, {"model": "school.department", "pk": 527, "fields": {"program": 5, "course": 83, "school": 80, "grade": 8, "degree": 11}}, {"model": "school.department", "pk": 528, "fields": {"program": 14, "course": 264, "school": 80, "grade": 8, "degree": 11}}, {"model": "school.department", "pk": 529, "fields": {"program": 14, "course": 263, "school": 80, "grade": 8, "degree": 11}}, {"model": "school.department", "pk": 530, "fields": {"program": 14, "course": 260, "school": 80, "grade": 8, "degree": 11}}, {"model": "school.department", "pk": 531, "fields": {"program": 14, "course": 261, "school": 80, "grade": 8, "degree": 11}}, {"model": "school.department", "pk": 532, "fields": {"program": 14, "course": 257, "school": 80, "grade": 8, "degree": 11}}, {"model": "school.department", "pk": 533, "fields": {"program": 14, "course": 253, "school": 80, "grade": 8, "degree": 11}}, {"model": "school.department", "pk": 534, "fields": {"program": 14, "course": 251, "school": 80, "grade": 8, "degree": 11}}, {"model": "school.department", "pk": 535, "fields": {"program": 14, "course": 250, "school": 80, "grade": 8, "degree": 11}}, {"model": "school.department", "pk": 536, "fields": {"program": 15, "course": 136, "school": 80, "grade": 8, "degree": 11}}, {"model": "school.department", "pk": 537, "fields": {"program": 15, "course": 134, "school": 80, "grade": 8, "degree": 11}}, {"model": "school.department", "pk": 538, "fields": {"program": 15, "course": 132, "school": 80, "grade": 8, "degree": 11}}, {"model": "school.department", "pk": 539, "fields": {"program": 15, "course": 123, "school": 80, "grade": 8, "degree": 11}}, {"model": "school.department", "pk": 540, "fields": {"program": 15, "course": 120, "school": 80, "grade": 8, "degree": 11}}, {"model": "school.department", "pk": 541, "fields": {"program": 15, "course": 122, "school": 80, "grade": 8, "degree": 11}}, {"model": "school.department", "pk": 542, "fields": {"program": 15, "course": 119, "school": 79, "grade": 8, "degree": 11}}, {"model": "school.department", "pk": 543, "fields": {"program": 15, "course": 128, "school": 79, "grade": 8, "degree": 11}}, {"model": "school.department", "pk": 544, "fields": {"program": 15, "course": 129, "school": 79, "grade": 8, "degree": 11}}, {"model": "school.department", "pk": 545, "fields": {"program": 16, "course": 281, "school": 79, "grade": 8, "degree": 11}}, {"model": "school.department", "pk": 546, "fields": {"program": 16, "course": 279, "school": 79, "grade": 8, "degree": 11}}, {"model": "school.department", "pk": 547, "fields": {"program": 16, "course": 278, "school": 79, "grade": 8, "degree": 11}}, {"model": "school.department", "pk": 548, "fields": {"program": 16, "course": 276, "school": 79, "grade": 8, "degree": 11}}, {"model": "school.department", "pk": 549, "fields": {"program": 16, "course": 275, "school": 79, "grade": 8, "degree": 11}}, {"model": "school.department", "pk": 550, "fields": {"program": 16, "course": 271, "school": 79, "grade": 8, "degree": 11}}, {"model": "school.department", "pk": 551, "fields": {"program": 16, "course": 268, "school": 79, "grade": 8, "degree": 11}}, {"model": "school.department", "pk": 552, "fields": {"program": 16, "course": 267, "school": 79, "grade": 8, "degree": 11}}, {"model": "school.department", "pk": 553, "fields": {"program": 12, "course": 230, "school": 79, "grade": 6, "degree": 10}}, {"model": "school.department", "pk": 554, "fields": {"program": 12, "course": 228, "school": 79, "grade": 6, "degree": 10}}, {"model": "school.department", "pk": 555, "fields": {"program": 12, "course": 226, "school": 79, "grade": 6, "degree": 10}}, {"model": "school.department", "pk": 556, "fields": {"program": 12, "course": 229, "school": 79, "grade": 6, "degree": 10}}, {"model": "school.department", "pk": 557, "fields": {"program": 12, "course": 225, "school": 79, "grade": 6, "degree": 10}}, {"model": "school.department", "pk": 558, "fields": {"program": 12, "course": 224, "school": 79, "grade": 6, "degree": 10}}, {"model": "school.department", "pk": 559, "fields": {"program": 3, "course": 48, "school": 79, "grade": 6, "degree": 10}}, {"model": "school.department", "pk": 560, "fields": {"program": 3, "course": 45, "school": 79, "grade": 6, "degree": 10}}, {"model": "school.department", "pk": 561, "fields": {"program": 3, "course": 42, "school": 79, "grade": 6, "degree": 10}}, {"model": "school.department", "pk": 562, "fields": {"program": 3, "course": 39, "school": 79, "grade": 6, "degree": 10}}, {"model": "school.department", "pk": 563, "fields": {"program": 3, "course": 39, "school": 79, "grade": 6, "degree": 10}}, {"model": "school.department", "pk": 564, "fields": {"program": 3, "course": 34, "school": 79, "grade": 6, "degree": 10}}, {"model": "school.department", "pk": 565, "fields": {"program": 3, "course": 34, "school": 111, "grade": 6, "degree": 10}}, {"model": "school.department", "pk": 566, "fields": {"program": 3, "course": 31, "school": 111, "grade": 6, "degree": 10}}, {"model": "school.department", "pk": 567, "fields": {"program": 3, "course": 40, "school": 111, "grade": 6, "degree": 10}}, {"model": "school.department", "pk": 568, "fields": {"program": 3, "course": 32, "school": 111, "grade": 3, "degree": 1}}, {"model": "school.department", "pk": 569, "fields": {"program": 3, "course": 41, "school": 111, "grade": 2, "degree": 1}}, {"model": "school.department", "pk": 570, "fields": {"program": 3, "course": 46, "school": 111, "grade": 2, "degree": 1}}, {"model": "school.department", "pk": 571, "fields": {"program": 3, "course": 51, "school": 111, "grade": 2, "degree": 1}}, {"model": "school.department", "pk": 572, "fields": {"program": 3, "course": 50, "school": 111, "grade": 2, "degree": 1}}, {"model": "school.department", "pk": 573, "fields": {"program": 3, "course": 47, "school": 111, "grade": 2, "degree": 1}}, {"model": "school.department", "pk": 574, "fields": {"program": 3, "course": 45, "school": 111, "grade": 2, "degree": 1}}, {"model": "school.department", "pk": 575, "fields": {"program": 3, "course": 40, "school": 111, "grade": 2, "degree": 1}}, {"model": "school.department", "pk": 576, "fields": {"program": 2, "course": 24, "school": 111, "grade": 2, "degree": 1}}, {"model": "school.department", "pk": 577, "fields": {"program": 2, "course": 22, "school": 111, "grade": 2, "degree": 1}}, {"model": "school.department", "pk": 578, "fields": {"program": 2, "course": 21, "school": 111, "grade": 2, "degree": 1}}, {"model": "school.department", "pk": 579, "fields": {"program": 1, "course": 19, "school": 111, "grade": 2, "degree": 1}}, {"model": "school.department", "pk": 580, "fields": {"program": 1, "course": 15, "school": 111, "grade": 2, "degree": 1}}, {"model": "school.department", "pk": 581, "fields": {"program": 1, "course": 13, "school": 111, "grade": 2, "degree": 1}}, {"model": "school.department", "pk": 582, "fields": {"program": 1, "course": 30, "school": 111, "grade": 2, "degree": 1}}, {"model": "school.department", "pk": 583, "fields": {"program": 1, "course": 16, "school": 111, "grade": 2, "degree": 1}}, {"model": "school.department", "pk": 584, "fields": {"program": 1, "course": 7, "school": 111, "grade": 2, "degree": 1}}, {"model": "school.department", "pk": 585, "fields": {"program": 1, "course": 14, "school": 111, "grade": 2, "degree": 1}}, {"model": "school.department", "pk": 586, "fields": {"program": 7, "course": 14, "school": 111, "grade": 2, "degree": 1}}, {"model": "school.department", "pk": 587, "fields": {"program": 7, "course": 116, "school": 111, "grade": 2, "degree": 1}}, {"model": "school.department", "pk": 588, "fields": {"program": 7, "course": 117, "school": 111, "grade": 2, "degree": 1}}, {"model": "school.department", "pk": 589, "fields": {"program": 7, "course": 111, "school": 111, "grade": 2, "degree": 1}}, {"model": "school.department", "pk": 590, "fields": {"program": 7, "course": 109, "school": 111, "grade": 2, "degree": 6}}, {"model": "school.department", "pk": 591, "fields": {"program": 7, "course": 110, "school": 111, "grade": 2, "degree": 6}}, {"model": "school.department", "pk": 592, "fields": {"program": 7, "course": 116, "school": 111, "grade": 2, "degree": 6}}, {"model": "school.department", "pk": 593, "fields": {"program": 7, "course": 112, "school": 111, "grade": 2, "degree": 6}}, {"model": "school.department", "pk": 594, "fields": {"program": 7, "course": 109, "school": 111, "grade": 2, "degree": 6}}, {"model": "school.department", "pk": 595, "fields": {"program": 8, "course": 170, "school": 121, "grade": 3, "degree": 6}}, {"model": "school.department", "pk": 596, "fields": {"program": 8, "course": 169, "school": 121, "grade": 3, "degree": 6}}, {"model": "school.department", "pk": 597, "fields": {"program": 8, "course": 167, "school": 121, "grade": 3, "degree": 6}}, {"model": "school.department", "pk": 598, "fields": {"program": 8, "course": 164, "school": 121, "grade": 2, "degree": 1}}, {"model": "school.department", "pk": 599, "fields": {"program": 8, "course": 162, "school": 121, "grade": 2, "degree": 1}}, {"model": "school.department", "pk": 600, "fields": {"program": 8, "course": 161, "school": 121, "grade": 2, "degree": 1}}, {"model": "school.department", "pk": 601, "fields": {"program": 8, "course": 160, "school": 121, "grade": 2, "degree": 1}}, {"model": "school.department", "pk": 602, "fields": {"program": 8, "course": 159, "school": 121, "grade": 2, "degree": 1}}, {"model": "school.department", "pk": 603, "fields": {"program": 4, "course": 73, "school": 121, "grade": 2, "degree": 1}}, {"model": "school.department", "pk": 604, "fields": {"program": 4, "course": 55, "school": 121, "grade": 2, "degree": 1}}, {"model": "school.department", "pk": 605, "fields": {"program": 4, "course": 66, "school": 121, "grade": 2, "degree": 1}}, {"model": "school.department", "pk": 606, "fields": {"program": 4, "course": 71, "school": 121, "grade": 2, "degree": 1}}, {"model": "school.department", "pk": 607, "fields": {"program": 4, "course": 58, "school": 121, "grade": 2, "degree": 1}}, {"model": "school.department", "pk": 608, "fields": {"program": 4, "course": 70, "school": 121, "grade": 2, "degree": 1}}, {"model": "school.department", "pk": 609, "fields": {"program": 4, "course": 61, "school": 121, "grade": 3, "degree": 6}}, {"model": "school.department", "pk": 610, "fields": {"program": 4, "course": 59, "school": 121, "grade": 6, "degree": 10}}, {"model": "school.department", "pk": 611, "fields": {"program": 4, "course": 56, "school": 121, "grade": 6, "degree": 10}}, {"model": "school.department", "pk": 612, "fields": {"program": 4, "course": 54, "school": 121, "grade": 6, "degree": 10}}, {"model": "school.department", "pk": 613, "fields": {"program": 4, "course": 53, "school": 121, "grade": 6, "degree": 10}}, {"model": "school.department", "pk": 614, "fields": {"program": 4, "course": 52, "school": 121, "grade": 6, "degree": 10}}, {"model": "school.department", "pk": 615, "fields": {"program": 6, "course": 107, "school": 121, "grade": 6, "degree": 10}}, {"model": "school.department", "pk": 616, "fields": {"program": 6, "course": 106, "school": 121, "grade": 6, "degree": 10}}, {"model": "school.department", "pk": 617, "fields": {"program": 6, "course": 104, "school": 121, "grade": 6, "degree": 10}}, {"model": "school.department", "pk": 618, "fields": {"program": 6, "course": 98, "school": 121, "grade": 6, "degree": 10}}, {"model": "school.department", "pk": 619, "fields": {"program": 6, "course": 97, "school": 121, "grade": 6, "degree": 10}}, {"model": "school.department", "pk": 620, "fields": {"program": 6, "course": 97, "school": 121, "grade": 2, "degree": 1}}, {"model": "school.department", "pk": 621, "fields": {"program": 6, "course": 103, "school": 121, "grade": 2, "degree": 1}}, {"model": "school.department", "pk": 622, "fields": {"program": 6, "course": 101, "school": 121, "grade": 2, "degree": 1}}, {"model": "school.department", "pk": 623, "fields": {"program": 6, "course": 102, "school": 121, "grade": 2, "degree": 1}}, {"model": "school.department", "pk": 624, "fields": {"program": 6, "course": 97, "school": 121, "grade": 2, "degree": 1}}, {"model": "school.department", "pk": 625, "fields": {"program": 6, "course": 105, "school": 121, "grade": 2, "degree": 1}}, {"model": "school.department", "pk": 626, "fields": {"program": 6, "course": 101, "school": 121, "grade": 2, "degree": 1}}, {"model": "school.department", "pk": 627, "fields": {"program": 6, "course": 100, "school": 121, "grade": 2, "degree": 1}}, {"model": "school.department", "pk": 628, "fields": {"program": 16, "course": 279, "school": 121, "grade": 2, "degree": 1}}, {"model": "school.department", "pk": 629, "fields": {"program": 16, "course": 276, "school": 121, "grade": 2, "degree": 1}}, {"model": "school.department", "pk": 630, "fields": {"program": 16, "course": 275, "school": 121, "grade": 2, "degree": 1}}, {"model": "school.department", "pk": 631, "fields": {"program": 16, "course": 274, "school": 121, "grade": 2, "degree": 6}}, {"model": "school.department", "pk": 632, "fields": {"program": 16, "course": 273, "school": 121, "grade": 2, "degree": 6}}, {"model": "school.department", "pk": 633, "fields": {"program": 16, "course": 271, "school": 121, "grade": 2, "degree": 5}}, {"model": "school.department", "pk": 634, "fields": {"program": 16, "course": 270, "school": 121, "grade": 2, "degree": 5}}, {"model": "school.department", "pk": 635, "fields": {"program": 16, "course": 269, "school": 121, "grade": 2, "degree": 5}}, {"model": "school.department", "pk": 636, "fields": {"program": 16, "course": 268, "school": 121, "grade": 2, "degree": 5}}, {"model": "school.department", "pk": 637, "fields": {"program": 16, "course": 267, "school": 121, "grade": 2, "degree": 5}}, {"model": "school.department", "pk": 638, "fields": {"program": 2, "course": 28, "school": 144, "grade": 6, "degree": 10}}, {"model": "school.department", "pk": 639, "fields": {"program": 2, "course": 27, "school": 144, "grade": 6, "degree": 10}}, {"model": "school.department", "pk": 640, "fields": {"program": 2, "course": 25, "school": 144, "grade": 6, "degree": 10}}, {"model": "school.department", "pk": 641, "fields": {"program": 2, "course": 22, "school": 144, "grade": 6, "degree": 10}}, {"model": "school.department", "pk": 642, "fields": {"program": 2, "course": 21, "school": 144, "grade": 6, "degree": 10}}, {"model": "school.department", "pk": 643, "fields": {"program": 2, "course": 29, "school": 144, "grade": 6, "degree": 10}}, {"model": "school.department", "pk": 644, "fields": {"program": 1, "course": 16, "school": 144, "grade": 6, "degree": 10}}, {"model": "school.department", "pk": 645, "fields": {"program": 1, "course": 15, "school": 144, "grade": 3, "degree": 5}}, {"model": "school.department", "pk": 646, "fields": {"program": 1, "course": 14, "school": 144, "grade": 3, "degree": 5}}, {"model": "school.department", "pk": 647, "fields": {"program": 1, "course": 13, "school": 144, "grade": 3, "degree": 5}}, {"model": "school.department", "pk": 648, "fields": {"program": 1, "course": 7, "school": 144, "grade": 3, "degree": 5}}, {"model": "school.department", "pk": 649, "fields": {"program": 1, "course": 5, "school": 144, "grade": 3, "degree": 5}}, {"model": "school.department", "pk": 650, "fields": {"program": 1, "course": 3, "school": 144, "grade": 3, "degree": 5}}, {"model": "school.department", "pk": 651, "fields": {"program": 3, "course": 50, "school": 144, "grade": 3, "degree": 5}}, {"model": "school.department", "pk": 652, "fields": {"program": 3, "course": 49, "school": 144, "grade": 3, "degree": 5}}, {"model": "school.department", "pk": 653, "fields": {"program": 3, "course": 48, "school": 144, "grade": 4, "degree": 5}}, {"model": "school.department", "pk": 654, "fields": {"program": 3, "course": 46, "school": 144, "grade": 4, "degree": 5}}, {"model": "school.department", "pk": 655, "fields": {"program": 3, "course": 45, "school": 144, "grade": 4, "degree": 5}}, {"model": "school.department", "pk": 656, "fields": {"program": 3, "course": 41, "school": 144, "grade": 4, "degree": 5}}, {"model": "school.department", "pk": 657, "fields": {"program": 3, "course": 39, "school": 144, "grade": 4, "degree": 5}}, {"model": "school.department", "pk": 658, "fields": {"program": 3, "course": 37, "school": 144, "grade": 4, "degree": 5}}, {"model": "school.department", "pk": 659, "fields": {"program": 3, "course": 35, "school": 144, "grade": 4, "degree": 5}}, {"model": "school.department", "pk": 660, "fields": {"program": 9, "course": 196, "school": 144, "grade": 4, "degree": 5}}, {"model": "school.department", "pk": 661, "fields": {"program": 9, "course": 194, "school": 144, "grade": 4, "degree": 5}}, {"model": "school.department", "pk": 662, "fields": {"program": 9, "course": 190, "school": 144, "grade": 4, "degree": 5}}, {"model": "school.department", "pk": 663, "fields": {"program": 9, "course": 191, "school": 144, "grade": 4, "degree": 5}}, {"model": "school.department", "pk": 664, "fields": {"program": 9, "course": 187, "school": 144, "grade": 4, "degree": 5}}, {"model": "school.department", "pk": 665, "fields": {"program": 9, "course": 185, "school": 144, "grade": 4, "degree": 5}}, {"model": "school.department", "pk": 666, "fields": {"program": 9, "course": 182, "school": 144, "grade": 4, "degree": 5}}, {"model": "school.department", "pk": 667, "fields": {"program": 9, "course": 179, "school": 147, "grade": 3, "degree": 5}}, {"model": "school.department", "pk": 668, "fields": {"program": 9, "course": 178, "school": 147, "grade": 3, "degree": 5}}, {"model": "school.department", "pk": 669, "fields": {"program": 9, "course": 177, "school": 147, "grade": 3, "degree": 5}}, {"model": "school.department", "pk": 670, "fields": {"program": 13, "course": 246, "school": 147, "grade": 3, "degree": 5}}, {"model": "school.department", "pk": 671, "fields": {"program": 13, "course": 244, "school": 147, "grade": 3, "degree": 5}}, {"model": "school.department", "pk": 672, "fields": {"program": 13, "course": 242, "school": 147, "grade": 3, "degree": 5}}, {"model": "school.department", "pk": 673, "fields": {"program": 13, "course": 239, "school": 147, "grade": 3, "degree": 5}}, {"model": "school.department", "pk": 674, "fields": {"program": 13, "course": 238, "school": 147, "grade": 6, "degree": 10}}, {"model": "school.department", "pk": 675, "fields": {"program": 13, "course": 236, "school": 147, "grade": 6, "degree": 10}}, {"model": "school.department", "pk": 676, "fields": {"program": 13, "course": 234, "school": 147, "grade": 6, "degree": 10}}, {"model": "school.department", "pk": 677, "fields": {"program": 12, "course": 229, "school": 147, "grade": 6, "degree": 10}}, {"model": "school.department", "pk": 678, "fields": {"program": 12, "course": 228, "school": 147, "grade": 6, "degree": 10}}, {"model": "school.department", "pk": 679, "fields": {"program": 12, "course": 227, "school": 147, "grade": 6, "degree": 10}}, {"model": "school.department", "pk": 680, "fields": {"program": 12, "course": 226, "school": 147, "grade": 6, "degree": 10}}, {"model": "school.department", "pk": 681, "fields": {"program": 12, "course": 221, "school": 147, "grade": 6, "degree": 10}}, {"model": "school.department", "pk": 682, "fields": {"program": 12, "course": 219, "school": 147, "grade": 6, "degree": 10}}, {"model": "school.department", "pk": 683, "fields": {"program": 12, "course": 218, "school": 147, "grade": 6, "degree": 10}}, {"model": "school.department", "pk": 684, "fields": {"program": 12, "course": 216, "school": 147, "grade": 8, "degree": 11}}, {"model": "school.department", "pk": 685, "fields": {"program": 12, "course": 215, "school": 147, "grade": 8, "degree": 11}}, {"model": "school.department", "pk": 686, "fields": {"program": 10, "course": 157, "school": 147, "grade": 8, "degree": 11}}, {"model": "school.department", "pk": 687, "fields": {"program": 10, "course": 155, "school": 147, "grade": 8, "degree": 11}}, {"model": "school.department", "pk": 688, "fields": {"program": 10, "course": 155, "school": 147, "grade": 8, "degree": 11}}, {"model": "school.department", "pk": 689, "fields": {"program": 10, "course": 153, "school": 147, "grade": 8, "degree": 11}}, {"model": "school.department", "pk": 690, "fields": {"program": 10, "course": 149, "school": 147, "grade": 8, "degree": 11}}, {"model": "school.department", "pk": 691, "fields": {"program": 10, "course": 158, "school": 147, "grade": 8, "degree": 11}}, {"model": "school.department", "pk": 692, "fields": {"program": 7, "course": 118, "school": 147, "grade": 8, "degree": 11}}, {"model": "school.department", "pk": 693, "fields": {"program": 7, "course": 116, "school": 147, "grade": 8, "degree": 11}}, {"model": "school.department", "pk": 694, "fields": {"program": 7, "course": 115, "school": 147, "grade": 8, "degree": 11}}, {"model": "school.department", "pk": 695, "fields": {"program": 7, "course": 113, "school": 147, "grade": 8, "degree": 11}}, {"model": "school.department", "pk": 696, "fields": {"program": 7, "course": 112, "school": 147, "grade": 8, "degree": 11}}, {"model": "school.department", "pk": 697, "fields": {"program": 7, "course": 110, "school": 147, "grade": 8, "degree": 11}}, {"model": "school.department", "pk": 698, "fields": {"program": 5, "course": 95, "school": 147, "grade": 8, "degree": 11}}, {"model": "school.department", "pk": 699, "fields": {"program": 5, "course": 93, "school": 147, "grade": 8, "degree": 11}}, {"model": "school.department", "pk": 700, "fields": {"program": 5, "course": 89, "school": 147, "grade": 3, "degree": 5}}, {"model": "school.department", "pk": 701, "fields": {"program": 5, "course": 90, "school": 147, "grade": 3, "degree": 5}}, {"model": "school.department", "pk": 702, "fields": {"program": 5, "course": 84, "school": 147, "grade": 3, "degree": 5}}, {"model": "school.department", "pk": 703, "fields": {"program": 5, "course": 82, "school": 147, "grade": 3, "degree": 5}}, {"model": "school.department", "pk": 704, "fields": {"program": 5, "course": 92, "school": 147, "grade": 3, "degree": 5}}, {"model": "school.department", "pk": 705, "fields": {"program": 5, "course": 85, "school": 147, "grade": 3, "degree": 5}}, {"model": "school.department", "pk": 706, "fields": {"program": 5, "course": 83, "school": 147, "grade": 3, "degree": 5}}, {"model": "school.department", "pk": 707, "fields": {"program": 1, "course": 9, "school": 161, "grade": 6, "degree": 10}}, {"model": "school.department", "pk": 708, "fields": {"program": 1, "course": 17, "school": 161, "grade": 6, "degree": 10}}, {"model": "school.department", "pk": 709, "fields": {"program": 1, "course": 16, "school": 161, "grade": 6, "degree": 10}}, {"model": "school.department", "pk": 710, "fields": {"program": 1, "course": 15, "school": 161, "grade": 6, "degree": 10}}, {"model": "school.department", "pk": 711, "fields": {"program": 1, "course": 13, "school": 161, "grade": 6, "degree": 10}}, {"model": "school.department", "pk": 712, "fields": {"program": 1, "course": 10, "school": 161, "grade": 6, "degree": 10}}, {"model": "school.department", "pk": 713, "fields": {"program": 1, "course": 3, "school": 161, "grade": 3, "degree": 1}}, {"model": "school.department", "pk": 714, "fields": {"program": 1, "course": 2, "school": 161, "grade": 3, "degree": 1}}, {"model": "school.department", "pk": 715, "fields": {"program": 1, "course": 7, "school": 161, "grade": 3, "degree": 1}}, {"model": "school.department", "pk": 716, "fields": {"program": 1, "course": 6, "school": 161, "grade": 3, "degree": 1}}, {"model": "school.department", "pk": 717, "fields": {"program": 1, "course": 5, "school": 161, "grade": 3, "degree": 1}}, {"model": "school.department", "pk": 718, "fields": {"program": 2, "course": 29, "school": 161, "grade": 3, "degree": 1}}, {"model": "school.department", "pk": 719, "fields": {"program": 2, "course": 27, "school": 161, "grade": 3, "degree": 1}}, {"model": "school.department", "pk": 720, "fields": {"program": 2, "course": 25, "school": 161, "grade": 3, "degree": 1}}, {"model": "school.department", "pk": 721, "fields": {"program": 2, "course": 21, "school": 161, "grade": 3, "degree": 1}}, {"model": "school.department", "pk": 722, "fields": {"program": 3, "course": 41, "school": 161, "grade": 3, "degree": 1}}, {"model": "school.department", "pk": 723, "fields": {"program": 3, "course": 39, "school": 161, "grade": 3, "degree": 1}}, {"model": "school.department", "pk": 724, "fields": {"program": 3, "course": 37, "school": 161, "grade": 3, "degree": 1}}, {"model": "school.department", "pk": 725, "fields": {"program": 3, "course": 33, "school": 161, "grade": 3, "degree": 1}}, {"model": "school.department", "pk": 726, "fields": {"program": 3, "course": 32, "school": 161, "grade": 3, "degree": 1}}, {"model": "school.department", "pk": 727, "fields": {"program": 5, "course": 90, "school": 161, "grade": 3, "degree": 6}}, {"model": "school.department", "pk": 728, "fields": {"program": 5, "course": 88, "school": 161, "grade": 3, "degree": 6}}, {"model": "school.department", "pk": 729, "fields": {"program": 5, "course": 87, "school": 161, "grade": 3, "degree": 6}}, {"model": "school.department", "pk": 730, "fields": {"program": 5, "course": 85, "school": 161, "grade": 3, "degree": 6}}, {"model": "school.department", "pk": 731, "fields": {"program": 5, "course": 84, "school": 161, "grade": 3, "degree": 6}}, {"model": "school.department", "pk": 732, "fields": {"program": 5, "course": 83, "school": 161, "grade": 3, "degree": 6}}, {"model": "school.department", "pk": 733, "fields": {"program": 5, "course": 82, "school": 161, "grade": 3, "degree": 6}}, {"model": "school.department", "pk": 734, "fields": {"program": 5, "course": 81, "school": 161, "grade": 2, "degree": 1}}, {"model": "school.department", "pk": 735, "fields": {"program": 5, "course": 80, "school": 161, "grade": 3, "degree": 6}}, {"model": "school.department", "pk": 736, "fields": {"program": 5, "course": 78, "school": 161, "grade": 2, "degree": 1}}, {"model": "school.department", "pk": 737, "fields": {"program": 12, "course": 230, "school": 161, "grade": 2, "degree": 1}}, {"model": "school.department", "pk": 738, "fields": {"program": 12, "course": 228, "school": 161, "grade": 2, "degree": 1}}, {"model": "school.department", "pk": 739, "fields": {"program": 12, "course": 225, "school": 161, "grade": 2, "degree": 1}}, {"model": "school.department", "pk": 740, "fields": {"program": 12, "course": 223, "school": 161, "grade": 2, "degree": 1}}, {"model": "school.department", "pk": 741, "fields": {"program": 12, "course": 222, "school": 161, "grade": 2, "degree": 1}}, {"model": "school.department", "pk": 742, "fields": {"program": 12, "course": 221, "school": 161, "grade": 3, "degree": 1}}, {"model": "school.department", "pk": 743, "fields": {"program": 12, "course": 220, "school": 161, "grade": 3, "degree": 1}}, {"model": "school.department", "pk": 744, "fields": {"program": 11, "course": 214, "school": 161, "grade": 3, "degree": 1}}, {"model": "school.department", "pk": 745, "fields": {"program": 11, "course": 213, "school": 161, "grade": 2, "degree": 1}}, {"model": "school.department", "pk": 746, "fields": {"program": 11, "course": 211, "school": 161, "grade": 2, "degree": 1}}, {"model": "school.department", "pk": 747, "fields": {"program": 11, "course": 208, "school": 161, "grade": 2, "degree": 1}}, {"model": "school.department", "pk": 748, "fields": {"program": 11, "course": 207, "school": 161, "grade": 6, "degree": 10}}, {"model": "school.department", "pk": 749, "fields": {"program": 11, "course": 205, "school": 161, "grade": 6, "degree": 10}}, {"model": "school.department", "pk": 750, "fields": {"program": 11, "course": 204, "school": 161, "grade": 6, "degree": 10}}, {"model": "school.department", "pk": 751, "fields": {"program": 11, "course": 203, "school": 161, "grade": 6, "degree": 10}}, {"model": "school.department", "pk": 752, "fields": {"program": 11, "course": 201, "school": 161, "grade": 6, "degree": 10}}, {"model": "school.department", "pk": 753, "fields": {"program": 11, "course": 199, "school": 161, "grade": 8, "degree": 11}}, {"model": "school.department", "pk": 754, "fields": {"program": 11, "course": 198, "school": 161, "grade": 2, "degree": 1}}, {"model": "school.department", "pk": 755, "fields": {"program": 11, "course": 198, "school": 158, "grade": 2, "degree": 1}}, {"model": "school.department", "pk": 756, "fields": {"program": 6, "course": 104, "school": 158, "grade": 2, "degree": 1}}, {"model": "school.department", "pk": 757, "fields": {"program": 6, "course": 102, "school": 158, "grade": 2, "degree": 1}}, {"model": "school.department", "pk": 758, "fields": {"program": 6, "course": 97, "school": 158, "grade": 2, "degree": 1}}, {"model": "school.department", "pk": 759, "fields": {"program": 6, "course": 103, "school": 158, "grade": 2, "degree": 1}}, {"model": "school.department", "pk": 760, "fields": {"program": 9, "course": 191, "school": 158, "grade": 2, "degree": 1}}, {"model": "school.department", "pk": 761, "fields": {"program": 9, "course": 190, "school": 158, "grade": 2, "degree": 1}}, {"model": "school.department", "pk": 762, "fields": {"program": 9, "course": 189, "school": 158, "grade": 3, "degree": 6}}, {"model": "school.department", "pk": 763, "fields": {"program": 9, "course": 188, "school": 158, "grade": 3, "degree": 6}}, {"model": "school.department", "pk": 764, "fields": {"program": 9, "course": 187, "school": 158, "grade": 3, "degree": 6}}, {"model": "school.department", "pk": 765, "fields": {"program": 9, "course": 185, "school": 158, "grade": 3, "degree": 6}}, {"model": "school.department", "pk": 766, "fields": {"program": 9, "course": 183, "school": 158, "grade": 3, "degree": 6}}, {"model": "school.department", "pk": 767, "fields": {"program": 9, "course": 182, "school": 158, "grade": 6, "degree": 10}}, {"model": "school.department", "pk": 768, "fields": {"program": 9, "course": 180, "school": 158, "grade": 6, "degree": 10}}, {"model": "school.department", "pk": 769, "fields": {"program": 9, "course": 180, "school": 158, "grade": 6, "degree": 10}}, {"model": "school.department", "pk": 770, "fields": {"program": 9, "course": 177, "school": 158, "grade": 6, "degree": 10}}, {"model": "school.department", "pk": 771, "fields": {"program": 3, "course": 51, "school": 158, "grade": 6, "degree": 10}}, {"model": "school.department", "pk": 772, "fields": {"program": 3, "course": 47, "school": 158, "grade": 6, "degree": 10}}, {"model": "school.department", "pk": 773, "fields": {"program": 3, "course": 45, "school": 158, "grade": 6, "degree": 10}}, {"model": "school.department", "pk": 774, "fields": {"program": 3, "course": 44, "school": 158, "grade": 6, "degree": 10}}, {"model": "school.department", "pk": 775, "fields": {"program": 3, "course": 42, "school": 158, "grade": 6, "degree": 10}}, {"model": "school.department", "pk": 776, "fields": {"program": 3, "course": 33, "school": 158, "grade": 2, "degree": 1}}, {"model": "school.department", "pk": 777, "fields": {"program": 3, "course": 32, "school": 158, "grade": 2, "degree": 1}}, {"model": "school.department", "pk": 778, "fields": {"program": 3, "course": 31, "school": 158, "grade": 2, "degree": 1}}, {"model": "school.department", "pk": 779, "fields": {"program": 3, "course": 40, "school": 158, "grade": 2, "degree": 1}}, {"model": "school.department", "pk": 780, "fields": {"program": 3, "course": 39, "school": 158, "grade": 2, "degree": 1}}, {"model": "school.department", "pk": 781, "fields": {"program": 3, "course": 37, "school": 158, "grade": 2, "degree": 1}}, {"model": "school.department", "pk": 782, "fields": {"program": 3, "course": 38, "school": 158, "grade": 8, "degree": 11}}, {"model": "school.department", "pk": 783, "fields": {"program": 3, "course": 41, "school": 158, "grade": 8, "degree": 11}}, {"model": "school.department", "pk": 784, "fields": {"program": 15, "course": 128, "school": 158, "grade": 8, "degree": 11}}, {"model": "school.department", "pk": 785, "fields": {"program": 15, "course": 127, "school": 158, "grade": 8, "degree": 11}}, {"model": "school.department", "pk": 786, "fields": {"program": 15, "course": 126, "school": 158, "grade": 8, "degree": 11}}, {"model": "school.department", "pk": 787, "fields": {"program": 15, "course": 125, "school": 158, "grade": 8, "degree": 11}}, {"model": "school.department", "pk": 788, "fields": {"program": 15, "course": 124, "school": 158, "grade": 8, "degree": 11}}, {"model": "school.department", "pk": 789, "fields": {"program": 15, "course": 123, "school": 158, "grade": 8, "degree": 11}}, {"model": "school.department", "pk": 790, "fields": {"program": 12, "course": 228, "school": 158, "grade": 6, "degree": 10}}, {"model": "school.department", "pk": 791, "fields": {"program": 12, "course": 227, "school": 158, "grade": 6, "degree": 10}}, {"model": "school.department", "pk": 792, "fields": {"program": 12, "course": 225, "school": 158, "grade": 6, "degree": 10}}, {"model": "school.department", "pk": 793, "fields": {"program": 12, "course": 221, "school": 158, "grade": 6, "degree": 10}}, {"model": "school.department", "pk": 794, "fields": {"program": 4, "course": 65, "school": 158, "grade": 6, "degree": 10}}, {"model": "school.department", "pk": 795, "fields": {"program": 4, "course": 66, "school": 158, "grade": 2, "degree": 1}}, {"model": "school.department", "pk": 796, "fields": {"program": 4, "course": 64, "school": 158, "grade": 2, "degree": 1}}, {"model": "school.department", "pk": 797, "fields": {"program": 4, "course": 62, "school": 158, "grade": 2, "degree": 1}}, {"model": "school.department", "pk": 798, "fields": {"program": 4, "course": 60, "school": 158, "grade": 2, "degree": 1}}, {"model": "school.department", "pk": 799, "fields": {"program": 4, "course": 58, "school": 158, "grade": 2, "degree": 1}}, {"model": "school.department", "pk": 800, "fields": {"program": 4, "course": 55, "school": 158, "grade": 2, "degree": 6}}, {"model": "user.favorite", "pk": 1, "fields": {"user": 1, "department": 1}}, {"model": "user.favorite", "pk": 2, "fields": {"user": 1, "department": 1}}, {"model": "user.favorite", "pk": 3, "fields": {"user": 1, "department": 2}}, {"model": "user.favorite", "pk": 4, "fields": {"user": 1, "department": 30}}, {"model": "user.favorite", "pk": 6, "fields": {"user": 1, "department": 25}}, {"model": "user.favorite", "pk": 7, "fields": {"user": 1, "department": 400}}, {"model": "user.favorite", "pk": 8, "fields": {"user": 1, "department": 11}}, {"model": "authtoken.token", "pk": "48ec3982f7f7d6c3671ba2505d0640c0af11fa00", "fields": {"user": 1, "created": "2023-10-04T12:37:07.217Z"}}]